movieId,totalSeats,availableSeats,screenName,language,movieFormat,subtitle,screenType,filmFormat,theatreId,experienceKey,startTime,endTime
30617,62,62,SCREEN 2,English,,True,INSIGNIA,,110,insignia,2025-01-10T16:20:00,2025-01-10T19:27:00
30617,144,144,AUDI 08,English,,True,,,520,,2025-01-10T04:30:00,2025-01-10T07:28:00
30617,87,87,AUDI 05,English,,True,,,520,,2025-01-10T07:25:00,2025-01-10T10:28:00
30617,169,169,AUDI 9,English,,True,,,507,,2025-01-10T05:00:00,2025-01-10T07:59:00
30617,169,169,AUDI 9,English,,True,,,507,,2025-01-10T10:55:00,2025-01-10T13:54:00
29996,87,87,AUDI 05,English,,True,,,520,,2025-01-10T04:30:00,2025-01-10T07:23:00
29996,87,87,AUDI 05,English,,True,,,520,,2025-01-10T16:50:00,2025-01-10T19:45:00
29996,169,169,AUDI 9,English,,True,,,507,,2025-01-10T08:00:00,2025-01-10T10:53:00
29996,169,169,AUDI 9,English,,True,,,507,,2025-01-10T13:55:00,2025-01-10T16:43:00
32464,104,104,SCREEN 4,Hindi,,False,LASER,,282,laser,2025-01-10T10:30:00,2025-01-10T13:45:00
32464,104,104,SCREEN 4,Hindi,,False,LASER,,282,laser,2025-01-10T16:50:00,2025-01-10T20:05:00
31695,174,174,SCREEN 4,Marathi,,True,,,110,,2025-01-10T13:25:00,2025-01-10T16:48:00
31695,87,87,AUDI 05,Marathi,,True,,,520,,2025-01-10T13:25:00,2025-01-10T16:48:00
31116,149,149,AUDI 05,Tamil,,False,,,512,,2025-01-10T16:20:00,2025-01-10T19:01:00
29990,186,184,SCREEN 2,English,,True,,,24,,2025-01-08T05:50:00,2025-01-08T08:18:00
29990,186,173,SCREEN 2,English,,True,,,24,,2025-01-08T14:00:00,2025-01-08T16:28:00
29990,43,43,INSIGNIA 3,English,,True,INSIGNIA,,24,insignia,2025-01-08T07:45:00,2025-01-08T10:13:00
29990,178,178,AUDI 06,English,,True,,,390,,2025-01-08T05:45:00,2025-01-08T08:14:00
29990,178,158,AUDI 06,English,,True,,,390,,2025-01-08T11:20:00,2025-01-08T13:48:00
29990,178,168,AUDI 06,English,,True,,,390,,2025-01-08T16:40:00,2025-01-08T19:15:00
29990,24,19,AUDI 08,English,,True,GOLD,,390,gold,2025-01-08T12:45:00,2025-01-08T15:13:00
29990,127,123,AUDI 01,English,,True,,,391,,2025-01-08T05:15:00,2025-01-08T07:45:00
29990,238,238,SCREEN 4,English,,True,,,150,,2025-01-08T05:30:00,2025-01-08T07:58:00
29990,238,237,SCREEN 4,English,,True,,,150,,2025-01-08T10:55:00,2025-01-08T13:23:00
29990,207,207,SCREEN 2,English,,True,,,231,,2025-01-08T04:55:00,2025-01-08T07:23:00
29990,206,194,SCREEN 4,English,,True,LASER,,231,laser,2025-01-08T07:55:00,2025-01-08T10:24:00
29990,206,197,SCREEN 4,English,,True,LASER,,231,laser,2025-01-08T16:50:00,2025-01-08T19:20:00
29990,62,60,SCREEN 2,English,,True,INSIGNIA,,110,insignia,2025-01-08T11:15:00,2025-01-08T13:44:00
29990,159,159,SCREEN 3,English,,True,LASER,,110,laser,2025-01-08T07:50:00,2025-01-08T10:19:00
29990,144,142,AUDI 07,English,,True,,,531,,2025-01-08T04:20:00,2025-01-08T06:49:00
29990,144,122,AUDI 07,English,,True,,,531,,2025-01-08T10:20:00,2025-01-08T12:48:00
29990,162,149,AUDI 04,English,,True,,,531,,2025-01-08T14:10:00,2025-01-08T16:39:00
29990,80,71,AUDI 05 4DX,English,4DX,True,4DX,,531,4dx,2025-01-08T16:30:00,2025-01-08T18:50:00
29990,68,59,SCREEN 4,English,,True,,,510,,2025-01-08T07:05:00,2025-01-08T09:29:00
29990,68,68,SCREEN 4,English,,True,,,510,,2025-01-08T09:35:00,2025-01-08T12:07:00
29990,68,56,SCREEN 4,English,,True,,,510,,2025-01-08T13:30:00,2025-01-08T16:02:00
29990,222,205,AUDI 07,English,,True,,,533,,2025-01-08T07:35:00,2025-01-08T10:03:00
29990,222,206,AUDI 07,English,,True,,,533,,2025-01-08T13:30:00,2025-01-08T15:58:00
29990,88,86,AUDI 11 4DX,English,4DX,True,4DX,,533,4dx,2025-01-08T16:30:00,2025-01-08T18:50:00
29990,58,49,AUDI 03,English,,True,LUXE,,533,luxe,2025-01-08T10:05:00,2025-01-08T12:33:00
29990,218,218,AUDI 06,English,,True,,,511,,2025-01-08T05:00:00,2025-01-08T07:30:00
29990,218,209,AUDI 06,English,,True,,,511,,2025-01-08T16:20:00,2025-01-08T18:50:00
29990,88,66,AUDI 03 4DX,English,4DX,True,4DX,,511,4dx,2025-01-08T11:15:00,2025-01-08T13:35:00
29990,88,82,AUDI 03 4DX,English,4DX,True,4DX,,511,4dx,2025-01-08T16:15:00,2025-01-08T18:35:00
29990,44,39,AUDI 02 GOLD,English,,True,GOLD,,511,gold,2025-01-08T08:55:00,2025-01-08T11:23:00
29990,111,99,AUDI 03,English,,True,,,534,,2025-01-08T07:50:00,2025-01-08T10:17:00
29990,114,107,AUDI 01,English,,True,,,534,,2025-01-08T16:30:00,2025-01-08T18:57:00
29990,84,75,AUDI 04 4DX,English,4DX,True,4DX,,534,4dx,2025-01-08T11:45:00,2025-01-08T14:01:00
29990,64,58,AUDI 09,English,,True,,,512,,2025-01-08T05:25:00,2025-01-08T07:53:00
29990,139,131,AUDI 08,English,,True,,,512,,2025-01-08T10:35:00,2025-01-08T13:05:00
29990,124,110,AUDI 01,English,4DX,True,4DX,,512,4dx,2025-01-08T11:30:00,2025-01-08T13:58:00
29990,124,113,AUDI 01,English,4DX,True,4DX,,512,4dx,2025-01-08T16:30:00,2025-01-08T19:00:00
29990,120,115,AUDI 04,English,,True,PLAYHOUSE,,512,playhouse,2025-01-08T07:55:00,2025-01-08T10:25:00
29990,120,120,AUDI 04,English,,True,PLAYHOUSE,,512,playhouse,2025-01-08T16:15:00,2025-01-08T18:45:00
29990,234,234,SCREEN-4,English,ATMOS,True,,,519,,2025-01-08T05:15:00,2025-01-08T07:44:00
29990,188,188,SCREEN-1,English,ATMOS,True,,,519,,2025-01-08T14:10:00,2025-01-08T16:39:00
29990,133,127,SCREEN 2,English,,True,,,14,,2025-01-08T14:10:00,2025-01-08T16:39:00
29990,104,95,SCREEN 1,English,,True,,,282,,2025-01-08T13:50:00,2025-01-08T16:18:00
29990,170,165,SCREEN 1,English,,True,,,261,,2025-01-08T08:55:00,2025-01-08T11:23:00
29990,170,170,SCREEN 1,English,,True,,,261,,2025-01-08T14:10:00,2025-01-08T16:38:00
29990,110,110,AUDI 04,English,,True,,,385,,2025-01-08T07:45:00,2025-01-08T10:13:00
29990,110,88,AUDI 04,English,,True,,,385,,2025-01-08T13:40:00,2025-01-08T16:08:00
29990,108,99,AUDI 07 4DX,English,4DX,True,4DX,,520,4dx,2025-01-08T07:30:00,2025-01-08T09:48:00
29990,32,25,AUDI 12 GOLD,English,,True,GOLD,,520,gold,2025-01-08T11:10:00,2025-01-08T13:38:00
29990,77,76,AUDI 01 PLAY HOUSE,English,,True,PLAYHOUSE,,520,playhouse,2025-01-08T06:15:00,2025-01-08T08:43:00
29990,77,69,AUDI 01 PLAY HOUSE,English,,True,PLAYHOUSE,,520,playhouse,2025-01-08T14:15:00,2025-01-08T16:43:00
29990,125,122,SCREEN-1,English,ATMOS,True,,,522,,2025-01-08T13:45:00,2025-01-08T16:13:00
29990,253,237,SCREEN 1,English,,True,,,148,,2025-01-08T08:55:00,2025-01-08T11:24:00
29990,253,237,SCREEN 1,English,,True,,,148,,2025-01-08T11:25:00,2025-01-08T13:54:00
29990,154,154,SCREEN 1,English,,True,,,127,,2025-01-08T07:45:00,2025-01-08T10:14:00
29990,105,105,SCREEN 1,English,,True,,,208,,2025-01-08T08:40:00,2025-01-08T11:08:00
29990,105,95,SCREEN 1,English,,True,,,208,,2025-01-08T11:10:00,2025-01-08T13:38:00
29990,118,118,AUDI 01,English,,True,,,528,,2025-01-08T05:10:00,2025-01-08T07:40:00
29990,118,114,AUDI 01,English,,True,,,528,,2025-01-08T07:45:00,2025-01-08T10:13:00
29990,178,166,AUDI 02,English,,True,,,528,,2025-01-08T13:30:00,2025-01-08T15:59:00
29990,40,40,AUDI 04,English,,True,DIRECTOR'S CUT,,529,director's-cut,2025-01-08T06:20:00,2025-01-08T08:28:00
29990,40,37,AUDI 04,English,,True,DIRECTOR'S CUT,,529,director's-cut,2025-01-08T08:30:00,2025-01-08T10:38:00
29990,40,37,AUDI 05,English,,True,DIRECTOR'S CUT,,529,director's-cut,2025-01-08T14:05:00,2025-01-08T16:13:00
29990,88,57,AUDI 2 4DX,English,4DX,True,4DX,,507,4dx,2025-01-08T13:50:00,2025-01-08T16:08:00
29990,92,77,AUDI 3 PLAYHOUSE,English,,True,PLAYHOUSE,,507,playhouse,2025-01-08T09:05:00,2025-01-08T11:33:00
29990,92,88,AUDI 3 PLAYHOUSE,English,,True,PLAYHOUSE,,507,playhouse,2025-01-08T16:45:00,2025-01-08T19:15:00
29990,170,170,SCREEN 3,English,,True,,,309,,2025-01-08T05:10:00,2025-01-08T07:38:00
29990,136,118,SCREEN 6,English,,True,,,309,,2025-01-08T11:20:00,2025-01-08T13:48:00
29990,170,161,SCREEN 3,English,,True,,,309,,2025-01-08T13:50:00,2025-01-08T16:18:00
29990,40,37,SCREEN 14,English,,True,INSIGNIA,,309,insignia,2025-01-08T07:10:00,2025-01-08T09:38:00
32378,145,134,SCREEN 5,Malayalam,,True,,,24,,2025-01-09T05:05:00,2025-01-09T08:04:00
32378,145,140,SCREEN 4,Malayalam,,True,,,24,,2025-01-09T11:00:00,2025-01-09T13:59:00
32378,145,135,SCREEN 5,Malayalam,,True,,,24,,2025-01-09T14:00:00,2025-01-09T16:59:00
32378,186,165,SCREEN 2,Malayalam,,True,,,24,,2025-01-09T16:30:00,2025-01-09T19:29:00
32378,178,175,AUDI 06,Malayalam,,False,,,390,,2025-01-09T08:00:00,2025-01-09T10:59:00
32378,178,170,AUDI 06,Malayalam,,False,,,390,,2025-01-09T13:30:00,2025-01-09T16:29:00
32378,171,170,AUDI 02,Malayalam,,False,,,391,,2025-01-09T04:25:00,2025-01-09T07:24:00
32378,127,123,AUDI 01,Malayalam,,False,,,391,,2025-01-09T07:30:00,2025-01-09T10:29:00
32378,127,112,AUDI 01,Malayalam,,False,,,391,,2025-01-09T13:00:00,2025-01-09T15:59:00
32378,127,121,AUDI 01,Malayalam,,False,,,391,,2025-01-09T16:00:00,2025-01-09T18:59:00
32378,242,240,SCREEN 3,Malayalam,,True,,,282,,2025-01-09T10:40:00,2025-01-09T13:39:00
32378,242,234,SCREEN 3,Malayalam,,True,,,282,,2025-01-09T16:30:00,2025-01-09T19:29:00
32378,104,104,SCREEN 4,Malayalam,,True,LASER,,282,laser,2025-01-09T08:30:00,2025-01-09T11:29:00
32378,174,169,SCREEN 4,Malayalam,,True,,,110,,2025-01-09T04:30:00,2025-01-09T07:26:00
32378,174,162,SCREEN 4,Malayalam,,True,,,110,,2025-01-09T17:00:00,2025-01-09T19:56:00
32378,159,153,SCREEN 3,Malayalam,,True,LASER,,110,laser,2025-01-09T13:40:00,2025-01-09T16:39:00
32378,162,144,AUDI 04,Malayalam,,False,,,531,,2025-01-09T10:40:00,2025-01-09T13:38:00
32378,162,131,AUDI 04,Malayalam,,False,,,531,,2025-01-09T13:40:00,2025-01-09T16:38:00
32378,197,181,AUDI 06,Malayalam,,False,,,531,,2025-01-09T16:50:00,2025-01-09T19:50:00
32378,144,132,AUDI 08,Malayalam,,False,,,520,,2025-01-09T03:40:00,2025-01-09T06:39:00
32378,144,137,AUDI 08,Malayalam,,False,,,520,,2025-01-09T09:45:00,2025-01-09T12:44:00
32378,110,81,AUDI 06,Malayalam,,False,,,520,,2025-01-09T14:00:00,2025-01-09T16:59:00
32378,154,127,AUDI 09,Malayalam,,False,,,520,,2025-01-09T17:00:00,2025-01-09T19:59:00
32378,32,32,AUDI 11 GOLD,Malayalam,,False,GOLD,,520,gold,2025-01-09T07:15:00,2025-01-09T10:14:00
32378,167,162,AUDI 10,Malayalam,,False,,,533,,2025-01-09T04:35:00,2025-01-09T07:34:00
32378,172,169,AUDI 04,Malayalam,,False,,,533,,2025-01-09T08:05:00,2025-01-09T11:04:00
32378,167,130,AUDI 10,Malayalam,,False,,,533,,2025-01-09T13:40:00,2025-01-09T16:39:00
32378,222,210,AUDI 07,Malayalam,,False,,,533,,2025-01-09T16:15:00,2025-01-09T19:14:00
32378,43,43,AUDI 01,Malayalam,,False,LUXE,,533,luxe,2025-01-09T10:30:00,2025-01-09T13:29:00
32378,176,147,SCREEN-2,Malayalam,,False,,,522,,2025-01-09T05:30:00,2025-01-09T08:27:00
32378,176,143,SCREEN-2,Malayalam,,False,,,522,,2025-01-09T14:00:00,2025-01-09T16:56:00
32378,178,148,SCREEN-3,Malayalam,,False,,,522,,2025-01-09T16:30:00,2025-01-09T19:27:00
32378,218,216,AUDI 06,Malayalam,,False,,,511,,2025-01-09T03:45:00,2025-01-09T06:40:00
32378,369,363,AUDI 07,Malayalam,,False,,,511,,2025-01-09T10:40:00,2025-01-09T13:35:00
32378,218,205,AUDI 06,Malayalam,,False,,,511,,2025-01-09T13:20:00,2025-01-09T16:15:00
32378,369,362,AUDI 07,Malayalam,,False,,,511,,2025-01-09T16:30:00,2025-01-09T19:25:00
32378,44,44,AUDI 01 GOLD,Malayalam,,False,GOLD,,511,gold,2025-01-09T07:20:00,2025-01-09T10:16:00
32378,199,195,AUDI 06,Malayalam,,False,,,512,,2025-01-09T04:35:00,2025-01-09T07:30:00
32378,182,182,AUDI 02,Malayalam,,False,,,512,,2025-01-09T06:40:00,2025-01-09T09:35:00
32378,199,198,AUDI 06,Malayalam,,False,,,512,,2025-01-09T11:00:00,2025-01-09T13:55:00
32378,199,178,AUDI 06,Malayalam,,False,,,512,,2025-01-09T14:00:00,2025-01-09T16:55:00
32378,199,175,AUDI 06,Malayalam,,False,,,512,,2025-01-09T17:00:00,2025-01-09T19:55:00
32378,40,40,AUDI 03,Malayalam,,False,DIRECTOR'S CUT,,529,director's-cut,2025-01-09T07:50:00,2025-01-09T10:29:00
32378,40,40,AUDI 04,Malayalam,,False,DIRECTOR'S CUT,,529,director's-cut,2025-01-09T13:45:00,2025-01-09T16:24:00
32378,159,144,AUDI 4,Malayalam,,False,,,507,,2025-01-09T04:15:00,2025-01-09T07:14:00
32378,150,146,AUDI 6,Malayalam,,False,,,507,,2025-01-09T06:55:00,2025-01-09T09:54:00
32378,169,160,AUDI 9,Malayalam,,False,,,507,,2025-01-09T09:40:00,2025-01-09T12:39:00
32378,159,120,AUDI 5,Malayalam,,False,,,507,,2025-01-09T13:50:00,2025-01-09T16:49:00
32378,169,124,AUDI 9,Malayalam,,False,,,507,,2025-01-09T16:45:00,2025-01-09T19:44:00
32378,130,107,SCREEN 10,Malayalam,,False,,,309,,2025-01-09T04:45:00,2025-01-09T07:41:00
32378,121,112,SCREEN 5,Malayalam,,False,,,309,,2025-01-09T07:40:00,2025-01-09T10:36:00
32378,163,157,SCREEN 8,Malayalam,,False,,,309,,2025-01-09T09:50:00,2025-01-09T12:46:00
32378,121,90,SCREEN 5,Malayalam,,False,,,309,,2025-01-09T14:00:00,2025-01-09T16:56:00
32378,165,159,SCREEN 11,Malayalam,,False,,,309,,2025-01-09T16:30:00,2025-01-09T19:26:00
32429,95,92,AUDI 07,English,,False,,,385,,2025-01-08T07:40:00,2025-01-08T10:28:00
28549,206,200,SCREEN 1,Hindi,3D,False,,3D,24,,2025-01-08T07:10:00,2025-01-08T09:53:00
28549,206,193,SCREEN 1,Telugu,,False,,,24,,2025-01-08T13:55:00,2025-01-08T16:38:00
28549,206,199,SCREEN 1,English,3D ATMOS,True,,3D,24,,2025-01-08T04:25:00,2025-01-08T07:08:00
28549,206,200,SCREEN 1,English,3D ATMOS,True,,3D,24,,2025-01-08T16:40:00,2025-01-08T19:25:00
28549,43,37,INSIGNIA 3,English,3D,True,INSIGNIA,3D,24,insignia,2025-01-08T10:15:00,2025-01-08T12:58:00
28549,245,231,AUDI 05,Telugu,3D,False,,3D,390,,2025-01-08T14:15:00,2025-01-08T16:58:00
28549,52,51,AUDI 02,Telugu,,False,GOLD,,390,gold,2025-01-08T04:50:00,2025-01-08T07:31:00
28549,24,24,AUDI 08,Telugu,,False,GOLD,,390,gold,2025-01-08T06:55:00,2025-01-08T09:38:00
28549,52,50,AUDI 01,Hindi,3D,False,GOLD,3D,390,gold,2025-01-08T07:15:00,2025-01-08T09:58:00
28549,24,18,AUDI 09,Telugu,,False,GOLD,,390,gold,2025-01-08T09:00:00,2025-01-08T11:39:00
28549,52,47,AUDI 01,Hindi,3D,False,GOLD,3D,390,gold,2025-01-08T12:45:00,2025-01-08T15:28:00
28549,52,47,AUDI 01,English,3D ATMOS,True,GOLD,3D,390,gold,2025-01-08T10:00:00,2025-01-08T12:43:00
28549,52,48,AUDI 01,English,3D ATMOS,True,GOLD,3D,390,gold,2025-01-08T15:30:00,2025-01-08T18:15:00
28549,261,258,AUDI 03,English,3D IMAX,True,IMAX,3D IMAX,390,imax,2025-01-08T06:00:00,2025-01-08T08:43:00
28549,261,241,AUDI 03,English,3D IMAX,True,IMAX,3D IMAX,390,imax,2025-01-08T08:45:00,2025-01-08T11:28:00
28549,261,234,AUDI 03,English,3D IMAX,True,IMAX,3D IMAX,390,imax,2025-01-08T11:30:00,2025-01-08T14:13:00
28549,261,208,AUDI 03,English,3D IMAX,True,IMAX,3D IMAX,390,imax,2025-01-08T14:15:00,2025-01-08T16:58:00
28549,171,171,AUDI 05,English,3D,True,,3D,391,,2025-01-08T05:15:00,2025-01-08T08:00:00
28549,171,164,AUDI 05,English,3D,True,,3D,391,,2025-01-08T08:05:00,2025-01-08T10:50:00
28549,171,138,AUDI 02,English,,True,,,391,,2025-01-08T11:25:00,2025-01-08T14:03:00
28549,171,150,AUDI 05,English,3D,True,,3D,391,,2025-01-08T13:55:00,2025-01-08T16:40:00
28549,171,164,AUDI 05,English,3D,True,,3D,391,,2025-01-08T16:45:00,2025-01-08T19:30:00
28549,238,217,SCREEN 3,Hindi,3D,False,,3D,150,,2025-01-08T14:00:00,2025-01-08T16:43:00
28549,238,229,SCREEN 3,English,3D ATMOS,True,,3D,150,,2025-01-08T05:40:00,2025-01-08T08:25:00
28549,238,229,SCREEN 3,English,3D ATMOS,True,,3D,150,,2025-01-08T08:30:00,2025-01-08T11:13:00
28549,238,218,SCREEN 3,English,3D ATMOS,True,,3D,150,,2025-01-08T11:15:00,2025-01-08T13:58:00
28549,312,299,IMAX 5,English,3D IMAX,True,IMAX,3D IMAX,231,imax,2025-01-08T06:00:00,2025-01-08T08:43:00
28549,312,301,IMAX 5,English,3D IMAX,True,IMAX,3D IMAX,231,imax,2025-01-08T08:45:00,2025-01-08T11:28:00
28549,312,294,IMAX 5,English,3D IMAX,True,IMAX,3D IMAX,231,imax,2025-01-08T11:30:00,2025-01-08T14:13:00
28549,312,284,IMAX 5,English,3D IMAX,True,IMAX,3D IMAX,231,imax,2025-01-08T14:15:00,2025-01-08T16:58:00
28549,312,305,IMAX 5,English,3D IMAX,True,IMAX,3D IMAX,231,imax,2025-01-08T17:00:00,2025-01-08T19:45:00
28549,199,185,SCREEN 5,Hindi,3D,False,,3D,110,,2025-01-08T10:05:00,2025-01-08T12:49:00
28549,199,199,SCREEN 5,English,3D ATMOS,True,,3D,110,,2025-01-08T04:35:00,2025-01-08T07:19:00
28549,199,197,SCREEN 5,English,3D ATMOS,True,,3D,110,,2025-01-08T07:20:00,2025-01-08T10:04:00
28549,199,178,SCREEN 5,English,3D ATMOS,True,,3D,110,,2025-01-08T16:50:00,2025-01-08T19:35:00
28549,62,52,SCREEN 2,English,3D ATMOS,True,INSIGNIA,3D,110,insignia,2025-01-08T13:45:00,2025-01-08T16:29:00
28549,211,201,AUDI 03,English,3D,True,,3D,531,,2025-01-08T05:10:00,2025-01-08T07:54:00
28549,183,170,AUDI 02,Telugu,,False,,,531,,2025-01-08T07:10:00,2025-01-08T09:51:00
28549,211,195,AUDI 03,English,3D,True,,3D,531,,2025-01-08T17:00:00,2025-01-08T19:44:00
28549,80,71,AUDI 05 4DX,English,3D 4DX,True,4DX,3D,531,4dx,2025-01-08T04:00:00,2025-01-08T06:28:00
28549,80,58,AUDI 05 4DX,English,3D 4DX,True,4DX,3D,531,4dx,2025-01-08T11:20:00,2025-01-08T13:48:00
28549,326,305,AUDI 01 PXL,English,3D ATMOS,True,PXL,3D,531,pxl,2025-01-08T07:40:00,2025-01-08T10:24:00
28549,326,294,AUDI 01 PXL,English,3D ATMOS,True,PXL,3D,531,pxl,2025-01-08T13:20:00,2025-01-08T16:04:00
28549,203,190,SCREEN 1,English,3D,True,,3D,510,,2025-01-08T05:50:00,2025-01-08T08:33:00
28549,203,190,SCREEN 1,Telugu,3D,False,,3D,510,,2025-01-08T08:35:00,2025-01-08T11:18:00
28549,203,197,SCREEN 1,English,3D,True,,3D,510,,2025-01-08T11:20:00,2025-01-08T14:03:00
28549,203,172,SCREEN 1,English,3D,True,,3D,510,,2025-01-08T14:05:00,2025-01-08T16:48:00
28549,203,182,SCREEN 1,English,3D,True,,3D,510,,2025-01-08T16:50:00,2025-01-08T19:35:00
28549,228,214,AUDI 06,English,3D,True,,3D,533,,2025-01-08T06:55:00,2025-01-08T09:40:00
28549,228,210,AUDI 06,Telugu,3D,False,,3D,533,,2025-01-08T09:45:00,2025-01-08T12:30:00
28549,228,183,AUDI 06,English,3D,True,,3D,533,,2025-01-08T14:15:00,2025-01-08T16:58:00
28549,228,206,AUDI 06,English,3D,True,,3D,533,,2025-01-08T17:00:00,2025-01-08T19:45:00
28549,88,66,AUDI 11 4DX,English,3D 4DX,True,4DX,3D,533,4dx,2025-01-08T06:40:00,2025-01-08T09:08:00
28549,88,60,AUDI 11 4DX,Hindi,3D 4DX,False,4DX,3D,533,4dx,2025-01-08T11:50:00,2025-01-08T14:18:00
28549,227,196,AUDI 12 ICE,English,3D ICE,True,ICE,3D ICE,533,ice,2025-01-08T04:25:00,2025-01-08T07:08:00
28549,227,195,AUDI 12 ICE,English,3D ICE,True,ICE,3D ICE,533,ice,2025-01-08T10:00:00,2025-01-08T12:45:00
28549,227,187,AUDI 12 ICE,English,3D ICE,True,ICE,3D ICE,533,ice,2025-01-08T13:15:00,2025-01-08T15:58:00
28549,227,200,AUDI 12 ICE,English,3D ICE,True,ICE,3D ICE,533,ice,2025-01-08T16:00:00,2025-01-08T18:45:00
28549,43,34,AUDI 01,English,3D,True,LUXE,3D,533,luxe,2025-01-08T08:00:00,2025-01-08T10:43:00
28549,43,32,AUDI 01,English,3D,True,LUXE,3D,533,luxe,2025-01-08T10:45:00,2025-01-08T13:28:00
28549,43,40,AUDI 01,English,3D,True,LUXE,3D,533,luxe,2025-01-08T13:30:00,2025-01-08T16:13:00
28549,43,36,AUDI 01,Hindi,3D,False,LUXE,3D,533,luxe,2025-01-08T16:15:00,2025-01-08T19:00:00
28549,418,54,AUDI 05 PXL,English,3D,True,PXL,3D,533,pxl,2025-01-08T04:30:00,2025-01-08T07:15:00
28549,231,206,AUDI 11,Tamil,3D,False,,3D,511,,2025-01-08T08:20:00,2025-01-08T11:03:00
28549,376,359,AUDI 05,English,3D ATMOS,True,,3D,511,,2025-01-08T05:00:00,2025-01-08T07:43:00
28549,376,342,AUDI 05,English,3D ATMOS,True,,3D,511,,2025-01-08T07:45:00,2025-01-08T10:28:00
28549,376,342,AUDI 05,English,3D ATMOS,True,,3D,511,,2025-01-08T10:30:00,2025-01-08T13:13:00
28549,376,330,AUDI 05,English,3D ATMOS,True,,3D,511,,2025-01-08T13:15:00,2025-01-08T15:58:00
28549,376,348,AUDI 05,English,3D ATMOS,True,,3D,511,,2025-01-08T16:00:00,2025-01-08T18:45:00
28549,88,82,AUDI 03 4DX,Hindi,3D 4DX,False,4DX,3D,511,4dx,2025-01-08T06:35:00,2025-01-08T09:03:00
28549,88,52,AUDI 03 4DX,English,3D 4DX,True,4DX,3D,511,4dx,2025-01-08T13:45:00,2025-01-08T16:13:00
28549,44,42,AUDI 02 GOLD,English,3D,True,GOLD,3D,511,gold,2025-01-08T14:15:00,2025-01-08T16:58:00
28549,44,44,AUDI 02 GOLD,English,3D,True,GOLD,3D,511,gold,2025-01-08T17:00:00,2025-01-08T19:45:00
28549,121,109,AUDI 02,English,3D,True,,3D,534,,2025-01-08T05:10:00,2025-01-08T07:52:00
28549,121,111,AUDI 02,English,3D,True,,3D,534,,2025-01-08T07:55:00,2025-01-08T10:37:00
28549,121,107,AUDI 02,English,3D,True,,3D,534,,2025-01-08T13:00:00,2025-01-08T15:42:00
28549,121,107,AUDI 02,English,3D,True,,3D,534,,2025-01-08T15:45:00,2025-01-08T18:27:00
28549,84,76,AUDI 04 4DX,English,3D 4DX,True,4DX,3D,534,4dx,2025-01-08T06:35:00,2025-01-08T09:10:00
28549,84,66,AUDI 04 4DX,English,3D 4DX,True,4DX,3D,534,4dx,2025-01-08T09:15:00,2025-01-08T11:39:00
28549,84,56,AUDI 04 4DX,English,3D 4DX,True,4DX,3D,534,4dx,2025-01-08T14:05:00,2025-01-08T16:40:00
28549,84,78,AUDI 04 4DX,English,3D 4DX,True,4DX,3D,534,4dx,2025-01-08T16:45:00,2025-01-08T19:09:00
28549,205,201,AUDI 03,English,3D,True,,3D,512,,2025-01-08T06:00:00,2025-01-08T08:43:00
28549,205,187,AUDI 03,English,3D,True,,3D,512,,2025-01-08T08:45:00,2025-01-08T11:28:00
28549,205,188,AUDI 03,Hindi,3D,False,,3D,512,,2025-01-08T11:30:00,2025-01-08T14:13:00
28549,205,180,AUDI 03,English,3D,True,,3D,512,,2025-01-08T14:15:00,2025-01-08T16:58:00
28549,205,168,AUDI 03,English,3D,True,,3D,512,,2025-01-08T17:00:00,2025-01-08T19:45:00
28549,124,124,AUDI 01,English,3D 4DX,True,4DX,3D,512,4dx,2025-01-08T04:20:00,2025-01-08T06:48:00
28549,124,118,AUDI 01,English,3D 4DX,True,4DX,3D,512,4dx,2025-01-08T06:50:00,2025-01-08T09:18:00
28549,124,87,AUDI 01,English,3D 4DX,True,4DX,3D,512,4dx,2025-01-08T14:00:00,2025-01-08T16:28:00
28549,120,120,AUDI 04,English,3D,True,PLAYHOUSE,3D,512,playhouse,2025-01-08T05:10:00,2025-01-08T07:54:00
28549,120,105,AUDI 04,English,3D,True,PLAYHOUSE,3D,512,playhouse,2025-01-08T13:30:00,2025-01-08T16:13:00
28549,234,225,SCREEN-5,English,3D ATMOS,True,,3D,519,,2025-01-08T06:10:00,2025-01-08T08:53:00
28549,234,224,SCREEN-5,English,3D ATMOS,True,,3D,519,,2025-01-08T08:55:00,2025-01-08T11:38:00
28549,234,219,SCREEN-5,English,3D ATMOS,True,,3D,519,,2025-01-08T14:00:00,2025-01-08T16:43:00
28549,234,229,SCREEN-5,English,3D ATMOS,True,,3D,519,,2025-01-08T16:45:00,2025-01-08T19:30:00
28549,260,258,SCREEN 3,English,3D,True,,3D,14,,2025-01-08T04:35:00,2025-01-08T07:18:00
28549,260,249,SCREEN 3,Tamil,3D,False,,3D,14,,2025-01-08T07:20:00,2025-01-08T10:03:00
28549,260,240,SCREEN 1,English,3D,True,,3D,14,,2025-01-08T10:25:00,2025-01-08T13:08:00
28549,260,242,SCREEN 3,English,3D,True,,3D,14,,2025-01-08T14:05:00,2025-01-08T16:48:00
28549,133,129,SCREEN 2,English,3D,True,,3D,14,,2025-01-08T16:40:00,2025-01-08T19:23:00
28549,104,89,SCREEN 2,English,3D,True,,3D,282,,2025-01-08T13:55:00,2025-01-08T16:38:00
28549,104,99,SCREEN 4,Hindi,,False,LASER,,282,laser,2025-01-08T10:55:00,2025-01-08T13:03:00
28549,170,151,SCREEN 1,English,3D,True,,3D,261,,2025-01-08T06:10:00,2025-01-08T08:53:00
28549,170,148,SCREEN 1,English,3D,True,,3D,261,,2025-01-08T11:25:00,2025-01-08T14:08:00
28549,170,170,SCREEN 1,English,3D,True,,3D,261,,2025-01-08T16:40:00,2025-01-08T19:25:00
28549,277,272,AUDI 02,English,3D,True,,3D,385,,2025-01-08T05:00:00,2025-01-08T07:43:00
28549,194,178,AUDI 06,Hindi,3D,False,,3D,385,,2025-01-08T05:30:00,2025-01-08T08:13:00
28549,277,265,AUDI 02,English,3D,True,,3D,385,,2025-01-08T07:45:00,2025-01-08T10:28:00
28549,277,260,AUDI 02,English,3D,True,,3D,385,,2025-01-08T10:30:00,2025-01-08T13:13:00
28549,277,250,AUDI 02,English,3D,True,,3D,385,,2025-01-08T13:15:00,2025-01-08T15:58:00
28549,194,146,AUDI 06,Hindi,3D,False,,3D,385,,2025-01-08T14:15:00,2025-01-08T16:58:00
28549,277,265,AUDI 02,English,3D,True,,3D,385,,2025-01-08T16:00:00,2025-01-08T18:45:00
28549,193,186,AUDI 03,Tamil,3D,False,,3D,520,,2025-01-08T07:45:00,2025-01-08T10:28:00
28549,108,99,AUDI 07 4DX,English,3D 4DX,True,4DX,3D,520,4dx,2025-01-08T05:00:00,2025-01-08T07:28:00
28549,108,103,AUDI 07 4DX,English,3D 4DX,True,4DX,3D,520,4dx,2025-01-08T09:50:00,2025-01-08T12:18:00
28549,108,98,AUDI 07 4DX,Hindi,3D 4DX,False,4DX,3D,520,4dx,2025-01-08T12:20:00,2025-01-08T14:48:00
28549,32,32,AUDI 11 GOLD,English,3D,True,GOLD,3D,520,gold,2025-01-08T04:30:00,2025-01-08T07:14:00
28549,32,32,AUDI 11 GOLD,English,3D,True,GOLD,3D,520,gold,2025-01-08T07:15:00,2025-01-08T09:58:00
28549,32,32,AUDI 11 GOLD,English,3D,True,GOLD,3D,520,gold,2025-01-08T10:00:00,2025-01-08T12:43:00
28549,32,30,AUDI 11 GOLD,English,3D,True,GOLD,3D,520,gold,2025-01-08T12:45:00,2025-01-08T15:28:00
28549,32,26,AUDI 11 GOLD,English,3D,True,GOLD,3D,520,gold,2025-01-08T15:30:00,2025-01-08T18:15:00
28549,305,305,AUDI 02 IMAX,English,3D IMAX,True,IMAX,3D IMAX,520,imax,2025-01-08T05:20:00,2025-01-08T08:03:00
28549,305,276,AUDI 02 IMAX,English,3D IMAX,True,IMAX,3D IMAX,520,imax,2025-01-08T08:05:00,2025-01-08T10:48:00
28549,305,262,AUDI 02 IMAX,English,3D IMAX,True,IMAX,3D IMAX,520,imax,2025-01-08T13:45:00,2025-01-08T16:29:00
28549,305,259,AUDI 02 IMAX,English,3D IMAX,True,IMAX,3D IMAX,520,imax,2025-01-08T16:30:00,2025-01-08T19:15:00
28549,77,70,AUDI 01 PLAY HOUSE,Hindi,3D,False,PLAYHOUSE,3D,520,playhouse,2025-01-08T08:45:00,2025-01-08T11:28:00
28549,77,64,AUDI 01 PLAY HOUSE,Tamil,3D,False,PLAYHOUSE,3D,520,playhouse,2025-01-08T11:30:00,2025-01-08T14:13:00
28549,77,55,AUDI 01 PLAY HOUSE,English,3D,True,PLAYHOUSE,3D,520,playhouse,2025-01-08T16:45:00,2025-01-08T19:30:00
28549,192,183,SCREEN-4,Tamil,3D,False,,3D,522,,2025-01-08T07:45:00,2025-01-08T10:28:00
28549,192,184,SCREEN-4,English,3D ATMOS,True,,3D,522,,2025-01-08T10:30:00,2025-01-08T13:13:00
28549,192,173,SCREEN-4,English,3D ATMOS,True,,3D,522,,2025-01-08T13:15:00,2025-01-08T15:58:00
28549,192,187,SCREEN-4,English,3D ATMOS,True,,3D,522,,2025-01-08T16:00:00,2025-01-08T18:45:00
28549,220,211,IMAX 4,English,3D IMAX,True,IMAX,3D IMAX,148,imax,2025-01-08T05:10:00,2025-01-08T07:53:00
28549,220,200,IMAX 4,English,3D IMAX,True,IMAX,3D IMAX,148,imax,2025-01-08T07:55:00,2025-01-08T10:38:00
28549,220,190,IMAX 4,English,3D IMAX,True,IMAX,3D IMAX,148,imax,2025-01-08T10:40:00,2025-01-08T13:23:00
28549,220,191,IMAX 4,English,3D IMAX,True,IMAX,3D IMAX,148,imax,2025-01-08T13:25:00,2025-01-08T16:08:00
28549,253,248,SCREEN 2,English,3D,True,,3D,127,,2025-01-08T08:30:00,2025-01-08T11:13:00
28549,253,237,SCREEN 2,English,3D,True,,3D,127,,2025-01-08T14:05:00,2025-01-08T16:49:00
28549,108,104,SCREEN 2,English,3D,True,,3D,208,,2025-01-08T05:00:00,2025-01-08T07:43:00
28549,108,100,SCREEN 2,English,3D,True,,3D,208,,2025-01-08T11:10:00,2025-01-08T13:53:00
28549,108,98,SCREEN 2,English,3D,True,,3D,208,,2025-01-08T13:55:00,2025-01-08T16:38:00
28549,178,89,AUDI 02,English,3D,True,,3D,528,,2025-01-08T04:30:00,2025-01-08T07:13:00
28549,178,174,AUDI 02,English,3D,True,,3D,528,,2025-01-08T08:00:00,2025-01-08T10:43:00
28549,178,171,AUDI 02,English,3D,True,,3D,528,,2025-01-08T10:45:00,2025-01-08T13:28:00
28549,118,80,AUDI 01,Telugu,,False,,,528,,2025-01-08T14:15:00,2025-01-08T16:58:00
28549,178,166,AUDI 02,English,3D,True,,3D,528,,2025-01-08T16:00:00,2025-01-08T18:43:00
28549,41,41,AUDI 01,English,,True,DIRECTOR'S CUT,,529,director's-cut,2025-01-08T03:30:00,2025-01-08T05:48:00
28549,40,37,AUDI 02,English,3D,True,DIRECTOR'S CUT,3D,529,director's-cut,2025-01-08T05:10:00,2025-01-08T07:28:00
28549,40,40,AUDI 02,Hindi,3D,False,DIRECTOR'S CUT,3D,529,director's-cut,2025-01-08T07:30:00,2025-01-08T09:48:00
28549,40,24,AUDI 02,English,3D,True,DIRECTOR'S CUT,3D,529,director's-cut,2025-01-08T09:50:00,2025-01-08T12:08:00
28549,40,26,AUDI 02,English,3D,True,DIRECTOR'S CUT,3D,529,director's-cut,2025-01-08T12:10:00,2025-01-08T14:28:00
28549,40,38,AUDI 02,Hindi,3D,False,DIRECTOR'S CUT,3D,529,director's-cut,2025-01-08T14:30:00,2025-01-08T16:48:00
28549,40,21,AUDI 02,English,3D,True,DIRECTOR'S CUT,3D,529,director's-cut,2025-01-08T16:50:00,2025-01-08T19:08:00
28549,169,16,AUDI 9,English,,True,,,507,,2025-01-08T03:30:00,2025-01-08T06:15:00
28549,124,0,AUDI 8,English,,True,,,507,,2025-01-08T03:35:00,2025-01-08T06:20:00
28549,150,118,AUDI 6,Tamil,3D,False,,3D,507,,2025-01-08T17:00:00,2025-01-08T19:45:00
28549,88,83,AUDI 2 4DX,English,3D 4DX,True,4DX,3D,507,4dx,2025-01-08T04:00:00,2025-01-08T06:28:00
28549,88,77,AUDI 2 4DX,English,3D 4DX,True,4DX,3D,507,4dx,2025-01-08T08:40:00,2025-01-08T11:08:00
28549,88,55,AUDI 2 4DX,English,3D 4DX,True,4DX,3D,507,4dx,2025-01-08T11:10:00,2025-01-08T13:38:00
28549,88,61,AUDI 2 4DX,Hindi,3D 4DX,False,4DX,3D,507,4dx,2025-01-08T16:10:00,2025-01-08T18:38:00
28549,322,297,AUDI 1 IMAX,English,3D IMAX,True,IMAX,3D IMAX,507,imax,2025-01-08T06:00:00,2025-01-08T08:43:00
28549,322,286,AUDI 1 IMAX,English,3D IMAX,True,IMAX,3D IMAX,507,imax,2025-01-08T08:45:00,2025-01-08T11:28:00
28549,322,261,AUDI 1 IMAX,English,3D IMAX,True,IMAX,3D IMAX,507,imax,2025-01-08T11:30:00,2025-01-08T14:13:00
28549,322,281,AUDI 1 IMAX,English,3D IMAX,True,IMAX,3D IMAX,507,imax,2025-01-08T14:15:00,2025-01-08T16:58:00
28549,92,92,AUDI 3 PLAYHOUSE,English,3D,True,PLAYHOUSE,3D,507,playhouse,2025-01-08T03:55:00,2025-01-08T06:38:00
28549,92,72,AUDI 3 PLAYHOUSE,English,3D,True,PLAYHOUSE,3D,507,playhouse,2025-01-08T14:00:00,2025-01-08T16:43:00
28549,169,156,SCREEN 7,Telugu,3D,False,,3D,309,,2025-01-08T04:25:00,2025-01-08T07:08:00
28549,170,170,SCREEN 3,Telugu,,False,,,309,,2025-01-08T07:40:00,2025-01-08T10:23:00
28549,169,131,SCREEN 7,English,3D,True,,3D,309,,2025-01-08T10:00:00,2025-01-08T12:45:00
28549,204,14,SCREEN 1,English,3D ATMOS,True,,3D,309,,2025-01-08T05:30:00,2025-01-08T08:12:00
28549,170,132,SCREEN 2,English,3D ATMOS,True,,3D,309,,2025-01-08T05:30:00,2025-01-08T08:13:00
28549,170,131,SCREEN 2,English,3D ATMOS,True,,3D,309,,2025-01-08T08:30:00,2025-01-08T11:13:00
28549,170,135,SCREEN 2,English,3D ATMOS,True,,3D,309,,2025-01-08T11:15:00,2025-01-08T13:58:00
28549,170,134,SCREEN 2,English,3D ATMOS,True,,3D,309,,2025-01-08T14:00:00,2025-01-08T16:43:00
28549,170,145,SCREEN 2,English,3D ATMOS,True,,3D,309,,2025-01-08T16:45:00,2025-01-08T19:30:00
28549,40,40,SCREEN 14,English,3D,True,INSIGNIA,3D,309,insignia,2025-01-08T04:25:00,2025-01-08T07:08:00
28549,42,42,SCREEN 13,English,3D,True,INSIGNIA,3D,309,insignia,2025-01-08T08:05:00,2025-01-08T10:48:00
28549,40,25,SCREEN 14,Hindi,,False,INSIGNIA,,309,insignia,2025-01-08T09:40:00,2025-01-08T12:25:00
28549,42,31,SCREEN 13,English,3D,True,INSIGNIA,3D,309,insignia,2025-01-08T13:15:00,2025-01-08T15:58:00
28549,42,34,SCREEN 13,English,3D,True,INSIGNIA,3D,309,insignia,2025-01-08T16:00:00,2025-01-08T18:45:00
28549,40,36,SCREEN 14,English,3D,True,INSIGNIA,3D,309,insignia,2025-01-08T16:40:00,2025-01-08T19:25:00
32058,145,124,SCREEN 4,Kannada,,False,,,24,,2025-01-08T05:30:00,2025-01-08T08:18:00
32058,145,109,SCREEN 4,Kannada,,False,,,24,,2025-01-08T11:10:00,2025-01-08T13:58:00
32058,145,131,SCREEN 4,Kannada,,False,,,24,,2025-01-08T14:00:00,2025-01-08T16:48:00
32058,178,148,AUDI 06,Kannada,,False,,,390,,2025-01-08T13:50:00,2025-01-08T16:39:00
32058,152,143,AUDI 04,Kannada,,False,,,390,,2025-01-08T16:15:00,2025-01-08T19:05:00
32058,52,50,AUDI 02,Kannada,,False,GOLD,,390,gold,2025-01-08T07:35:00,2025-01-08T10:24:00
32058,52,47,AUDI 02,Kannada,,False,GOLD,,390,gold,2025-01-08T16:40:00,2025-01-08T19:36:00
32058,188,166,AUDI 04,Kannada,,False,,,391,,2025-01-08T05:10:00,2025-01-08T07:59:00
32058,188,148,AUDI 03,Kannada,,False,,,391,,2025-01-08T07:00:00,2025-01-08T09:49:00
32058,188,165,AUDI 04,Kannada,,False,,,391,,2025-01-08T08:00:00,2025-01-08T10:49:00
32058,188,154,AUDI 03,Kannada,,False,,,391,,2025-01-08T09:50:00,2025-01-08T12:41:00
32058,188,159,AUDI 04,Kannada,,False,,,391,,2025-01-08T10:50:00,2025-01-08T13:39:00
32058,188,133,AUDI 04,Kannada,,False,,,391,,2025-01-08T13:40:00,2025-01-08T16:29:00
32058,188,153,AUDI 04,Kannada,,False,,,391,,2025-01-08T16:30:00,2025-01-08T19:23:00
32058,320,293,SCREEN 1,Kannada,,False,,,150,,2025-01-08T04:30:00,2025-01-08T07:19:00
32058,320,277,SCREEN 1,Kannada,,False,,,150,,2025-01-08T07:20:00,2025-01-08T10:09:00
32058,226,206,SCREEN 2,Kannada,,False,,,150,,2025-01-08T10:40:00,2025-01-08T13:31:00
32058,320,279,SCREEN 1,Kannada,,False,,,150,,2025-01-08T14:10:00,2025-01-08T16:59:00
32058,320,288,SCREEN 1,Kannada,,False,,,150,,2025-01-08T17:00:00,2025-01-08T19:53:00
32058,255,174,SCREEN 1,Kannada,ATMOS,False,,,231,,2025-01-08T05:00:00,2025-01-08T07:49:00
32058,255,183,SCREEN 1,Kannada,ATMOS,False,,,231,,2025-01-08T07:50:00,2025-01-08T10:39:00
32058,255,193,SCREEN 1,Kannada,ATMOS,False,,,231,,2025-01-08T10:40:00,2025-01-08T13:29:00
32058,255,198,SCREEN 1,Kannada,ATMOS,False,,,231,,2025-01-08T13:30:00,2025-01-08T16:19:00
32058,255,211,SCREEN 1,Kannada,ATMOS,False,,,231,,2025-01-08T16:20:00,2025-01-08T19:13:00
32058,174,159,SCREEN 4,Kannada,,False,,,110,,2025-01-08T05:30:00,2025-01-08T08:20:00
32058,174,160,SCREEN 4,Kannada,,False,,,110,,2025-01-08T11:45:00,2025-01-08T14:36:00
32058,211,183,AUDI 03,Kannada,,False,,,531,,2025-01-08T07:55:00,2025-01-08T10:48:00
32058,211,180,AUDI 03,Kannada,,False,,,531,,2025-01-08T14:15:00,2025-01-08T16:59:00
32058,326,302,AUDI 01 PXL,Kannada,,False,PXL,,531,pxl,2025-01-08T04:50:00,2025-01-08T07:39:00
32058,326,302,AUDI 01 PXL,Kannada,,False,PXL,,531,pxl,2025-01-08T10:25:00,2025-01-08T13:15:00
32058,326,306,AUDI 01 PXL,Kannada,,False,PXL,,531,pxl,2025-01-08T16:05:00,2025-01-08T18:58:00
32058,193,184,SCREEN 2,Kannada,,False,,,510,,2025-01-08T07:45:00,2025-01-08T10:33:00
32058,193,171,SCREEN 2,Kannada,,False,,,510,,2025-01-08T13:40:00,2025-01-08T16:28:00
32058,167,102,AUDI 10,Kannada,,False,,,533,,2025-01-08T10:20:00,2025-01-08T13:09:00
32058,58,50,AUDI 03,Kannada,,False,LUXE,,533,luxe,2025-01-08T04:25:00,2025-01-08T07:14:00
32058,52,39,AUDI 02,Kannada,,False,LUXE,,533,luxe,2025-01-08T05:40:00,2025-01-08T08:29:00
32058,58,46,AUDI 03,Kannada,,False,LUXE,,533,luxe,2025-01-08T07:15:00,2025-01-08T10:04:00
32058,52,48,AUDI 02,Kannada,,False,LUXE,,533,luxe,2025-01-08T11:20:00,2025-01-08T14:08:00
32058,52,28,AUDI 02,Kannada,,False,LUXE,,533,luxe,2025-01-08T14:10:00,2025-01-08T16:58:00
32058,58,45,AUDI 03,Kannada,,False,LUXE,,533,luxe,2025-01-08T16:30:00,2025-01-08T19:23:00
32058,418,339,AUDI 05 PXL,Kannada,,False,PXL,,533,pxl,2025-01-08T08:00:00,2025-01-08T10:49:00
32058,418,356,AUDI 05 PXL,Kannada,,False,PXL,,533,pxl,2025-01-08T10:50:00,2025-01-08T13:39:00
32058,418,338,AUDI 05 PXL,Kannada,,False,PXL,,533,pxl,2025-01-08T13:40:00,2025-01-08T16:29:00
32058,418,365,AUDI 05 PXL,Kannada,,False,PXL,,533,pxl,2025-01-08T16:30:00,2025-01-08T19:23:00
32058,369,284,AUDI 07,Kannada,,False,,,511,,2025-01-08T07:00:00,2025-01-08T09:49:00
32058,369,243,AUDI 07,Kannada,,False,,,511,,2025-01-08T09:50:00,2025-01-08T12:39:00
32058,369,286,AUDI 07,Kannada,,False,,,511,,2025-01-08T12:40:00,2025-01-08T15:29:00
32058,44,41,AUDI 01 GOLD,Kannada,,False,GOLD,,511,gold,2025-01-08T04:40:00,2025-01-08T07:29:00
32058,44,30,AUDI 01 GOLD,Kannada,,False,GOLD,,511,gold,2025-01-08T07:30:00,2025-01-08T10:19:00
32058,44,26,AUDI 01 GOLD,Kannada,,False,GOLD,,511,gold,2025-01-08T10:20:00,2025-01-08T13:09:00
32058,44,44,AUDI 01 GOLD,Kannada,,False,GOLD,,511,gold,2025-01-08T13:10:00,2025-01-08T15:59:00
32058,44,31,AUDI 01 GOLD,Kannada,,False,GOLD,,511,gold,2025-01-08T16:00:00,2025-01-08T18:53:00
32058,319,254,AUDI 10 PXL,Kannada,,False,PXL,,511,pxl,2025-01-08T05:35:00,2025-01-08T08:24:00
32058,319,247,AUDI 10 PXL,Kannada,,False,PXL,,511,pxl,2025-01-08T08:25:00,2025-01-08T11:14:00
32058,319,247,AUDI 10 PXL,Kannada,,False,PXL,,511,pxl,2025-01-08T11:15:00,2025-01-08T13:58:00
32058,319,228,AUDI 10 PXL,Kannada,,False,PXL,,511,pxl,2025-01-08T14:00:00,2025-01-08T16:49:00
32058,319,231,AUDI 10 PXL,Kannada,,False,PXL,,511,pxl,2025-01-08T16:50:00,2025-01-08T19:43:00
32058,249,217,AUDI 05,Kannada,,False,,,534,,2025-01-08T05:10:00,2025-01-08T07:58:00
32058,233,183,AUDI 06,Kannada,,False,,,534,,2025-01-08T07:00:00,2025-01-08T09:49:00
32058,249,203,AUDI 05,Kannada,,False,,,534,,2025-01-08T08:00:00,2025-01-08T10:48:00
32058,233,161,AUDI 06,Kannada,,False,,,534,,2025-01-08T09:50:00,2025-01-08T12:39:00
32058,249,206,AUDI 05,Kannada,,False,,,534,,2025-01-08T10:50:00,2025-01-08T13:38:00
32058,233,193,AUDI 06,Kannada,,False,,,534,,2025-01-08T12:40:00,2025-01-08T15:29:00
32058,249,194,AUDI 05,Kannada,,False,,,534,,2025-01-08T13:40:00,2025-01-08T16:28:00
32058,249,208,AUDI 05,Kannada,,False,,,534,,2025-01-08T16:30:00,2025-01-08T19:20:00
32058,139,118,AUDI 08,Kannada,,False,,,512,,2025-01-08T04:25:00,2025-01-08T07:14:00
32058,149,122,AUDI 05,Kannada,,False,,,512,,2025-01-08T10:35:00,2025-01-08T13:24:00
32058,149,129,AUDI 05,Kannada,,False,,,512,,2025-01-08T16:30:00,2025-01-08T19:23:00
32058,233,195,SCREEN-2,Kannada,,False,,,519,,2025-01-08T04:40:00,2025-01-08T07:28:00
32058,233,191,SCREEN-3,Kannada,,False,,,519,,2025-01-08T07:20:00,2025-01-08T10:09:00
32058,233,211,SCREEN-2,Kannada,,False,,,519,,2025-01-08T07:30:00,2025-01-08T10:18:00
32058,233,186,SCREEN-2,Kannada,,False,,,519,,2025-01-08T10:20:00,2025-01-08T13:08:00
32058,233,186,SCREEN-2,Kannada,,False,,,519,,2025-01-08T13:10:00,2025-01-08T15:58:00
32058,233,200,SCREEN-3,Kannada,,False,,,519,,2025-01-08T14:10:00,2025-01-08T16:58:00
32058,233,197,SCREEN-2,Kannada,,False,,,519,,2025-01-08T16:00:00,2025-01-08T18:52:00
32058,260,258,SCREEN 1,Kannada,,False,,,14,,2025-01-08T04:45:00,2025-01-08T07:34:00
32058,260,244,SCREEN 1,Kannada,,False,,,14,,2025-01-08T07:35:00,2025-01-08T10:24:00
32058,133,112,SCREEN 4,Kannada,,False,,,14,,2025-01-08T13:40:00,2025-01-08T16:29:00
32058,133,120,SCREEN 4,Kannada,,False,,,14,,2025-01-08T16:40:00,2025-01-08T19:31:00
32058,242,222,SCREEN 3,Kannada,ATMOS,False,,,282,,2025-01-08T14:00:00,2025-01-08T16:49:00
32058,183,171,SCREEN 3,Kannada,,False,,,261,,2025-01-08T04:30:00,2025-01-08T07:18:00
32058,183,156,SCREEN 3,Kannada,,False,,,261,,2025-01-08T07:20:00,2025-01-08T10:08:00
32058,183,108,SCREEN 3,Kannada,,False,,,261,,2025-01-08T14:10:00,2025-01-08T16:59:00
32058,183,149,SCREEN 3,Kannada,,False,,,261,,2025-01-08T17:00:00,2025-01-08T19:50:00
32058,271,246,AUDI 03,Kannada,,False,,,385,,2025-01-08T05:10:00,2025-01-08T07:58:00
32058,271,227,AUDI 03,Kannada,,False,,,385,,2025-01-08T08:00:00,2025-01-08T10:49:00
32058,271,249,AUDI 03,Kannada,,False,,,385,,2025-01-08T10:50:00,2025-01-08T13:38:00
32058,194,167,AUDI 06,Kannada,,False,,,385,,2025-01-08T11:25:00,2025-01-08T14:13:00
32058,271,240,AUDI 03,Kannada,,False,,,385,,2025-01-08T13:40:00,2025-01-08T16:28:00
32058,271,256,AUDI 03,Kannada,,False,,,385,,2025-01-08T16:30:00,2025-01-08T19:23:00
32058,279,258,AUDI 04,Kannada,,False,,,520,,2025-01-08T04:30:00,2025-01-08T07:21:00
32058,279,244,AUDI 04,Kannada,,False,,,520,,2025-01-08T07:45:00,2025-01-08T10:34:00
32058,279,253,AUDI 04,Kannada,,False,,,520,,2025-01-08T10:35:00,2025-01-08T13:24:00
32058,279,245,AUDI 04,Kannada,,False,,,520,,2025-01-08T17:00:00,2025-01-08T19:51:00
32058,32,28,AUDI 12 GOLD,Kannada,,False,GOLD,,520,gold,2025-01-08T08:20:00,2025-01-08T11:09:00
32058,30,19,AUDI 10 GOLD,Kannada,,False,GOLD,,520,gold,2025-01-08T10:20:00,2025-01-08T13:09:00
32058,32,24,AUDI 12 GOLD,Kannada,,False,GOLD,,520,gold,2025-01-08T13:40:00,2025-01-08T16:29:00
32058,176,171,SCREEN-2,Kannada,,False,,,522,,2025-01-08T05:00:00,2025-01-08T07:53:00
32058,178,150,SCREEN-3,Kannada,,False,,,522,,2025-01-08T13:40:00,2025-01-08T16:28:00
32058,202,177,SCREEN 2,Kannada,,False,,,148,,2025-01-08T04:35:00,2025-01-08T07:26:00
32058,291,221,SCREEN 6,Kannada,,False,LASER,,148,laser,2025-01-08T05:40:00,2025-01-08T08:29:00
32058,291,182,SCREEN 6,Kannada,,False,LASER,,148,laser,2025-01-08T08:30:00,2025-01-08T11:19:00
32058,291,180,SCREEN 6,Kannada,,False,LASER,,148,laser,2025-01-08T11:20:00,2025-01-08T14:09:00
32058,291,240,SCREEN 6,Kannada,,False,LASER,,148,laser,2025-01-08T14:10:00,2025-01-08T16:59:00
32058,291,274,SCREEN 6,Kannada,,False,LASER,,148,laser,2025-01-08T17:00:00,2025-01-08T19:51:00
32058,283,256,SCREEN 3,Kannada,,False,,,127,,2025-01-08T05:35:00,2025-01-08T08:26:00
32058,283,239,SCREEN 3,Kannada,,False,,,127,,2025-01-08T11:20:00,2025-01-08T14:09:00
32058,283,249,SCREEN 3,Kannada,,False,,,127,,2025-01-08T14:10:00,2025-01-08T16:59:00
32058,101,93,SCREEN 3,Kannada,,False,,,208,,2025-01-08T04:45:00,2025-01-08T07:36:00
32058,101,87,SCREEN 3,Kannada,,False,,,208,,2025-01-08T13:55:00,2025-01-08T16:46:00
32058,108,89,SCREEN 2,Kannada,,False,,,208,,2025-01-08T16:40:00,2025-01-08T19:31:00
32058,188,172,AUDI 04,Kannada,,False,,,528,,2025-01-08T04:55:00,2025-01-08T07:44:00
32058,172,138,AUDI 03,Kannada,,False,,,528,,2025-01-08T05:25:00,2025-01-08T08:14:00
32058,188,173,AUDI 04,Kannada,,False,,,528,,2025-01-08T07:45:00,2025-01-08T10:34:00
32058,172,135,AUDI 03,Kannada,,False,,,528,,2025-01-08T08:15:00,2025-01-08T11:04:00
32058,188,157,AUDI 04,Kannada,,False,,,528,,2025-01-08T10:35:00,2025-01-08T13:24:00
32058,172,143,AUDI 03,Kannada,,False,,,528,,2025-01-08T11:05:00,2025-01-08T13:54:00
32058,188,143,AUDI 04,Kannada,,False,,,528,,2025-01-08T13:25:00,2025-01-08T16:14:00
32058,172,145,AUDI 03,Kannada,,False,,,528,,2025-01-08T13:55:00,2025-01-08T16:44:00
32058,188,140,AUDI 04,Kannada,,False,,,528,,2025-01-08T16:15:00,2025-01-08T19:04:00
32058,40,37,AUDI 03,Kannada,,False,DIRECTOR'S CUT,,529,director's-cut,2025-01-08T08:00:00,2025-01-08T10:29:00
32058,41,32,AUDI 01,Kannada,,False,DIRECTOR'S CUT,,529,director's-cut,2025-01-08T13:30:00,2025-01-08T15:59:00
32058,159,129,AUDI 5,Kannada,,False,,,507,,2025-01-08T08:10:00,2025-01-08T10:59:00
32058,169,111,AUDI 9,Kannada,,False,,,507,,2025-01-08T09:40:00,2025-01-08T12:29:00
32058,229,174,AUDI 7,Kannada,,False,,,507,,2025-01-08T13:40:00,2025-01-08T16:29:00
32058,229,193,AUDI 7,Kannada,,False,,,507,,2025-01-08T16:30:00,2025-01-08T19:23:00
32058,229,220,AUDI 7,Kannada,ATMOS,False,,,507,,2025-01-08T04:15:00,2025-01-08T07:05:00
32058,163,148,SCREEN 8,Kannada,,False,,,309,,2025-01-08T04:10:00,2025-01-08T06:59:00
32058,163,120,SCREEN 8,Kannada,,False,,,309,,2025-01-08T07:00:00,2025-01-08T09:49:00
32058,204,145,SCREEN 1,Kannada,,False,,,309,,2025-01-08T08:30:00,2025-01-08T11:19:00
32058,204,142,SCREEN 1,Kannada,,False,,,309,,2025-01-08T11:20:00,2025-01-08T14:09:00
32058,163,98,SCREEN 8,Kannada,,False,,,309,,2025-01-08T12:40:00,2025-01-08T15:29:00
32058,204,145,SCREEN 1,Kannada,,False,,,309,,2025-01-08T14:10:00,2025-01-08T16:59:00
32058,163,114,SCREEN 8,Kannada,,False,,,309,,2025-01-08T15:30:00,2025-01-08T18:21:00
32058,204,175,SCREEN 1,Kannada,,False,,,309,,2025-01-08T17:00:00,2025-01-08T19:53:00
32058,50,45,SCREEN 12,Kannada,,False,INSIGNIA,,309,insignia,2025-01-08T04:50:00,2025-01-08T07:39:00
32058,50,45,SCREEN 12,Kannada,,False,INSIGNIA,,309,insignia,2025-01-08T07:40:00,2025-01-08T10:29:00
32058,50,28,SCREEN 12,Kannada,,False,INSIGNIA,,309,insignia,2025-01-08T10:30:00,2025-01-08T13:19:00
32365,145,145,SCREEN 5,Hindi,,False,,,24,,2025-01-08T04:25:00,2025-01-08T07:43:00
32365,145,94,SCREEN 5,Hindi,,False,,,24,,2025-01-08T07:45:00,2025-01-08T11:04:00
32365,186,161,SCREEN 2,Hindi,,False,,,24,,2025-01-08T10:40:00,2025-01-08T13:59:00
32365,43,41,INSIGNIA 3,Hindi,,False,INSIGNIA,,24,insignia,2025-01-08T13:00:00,2025-01-08T16:19:00
32365,43,43,INSIGNIA 3,Hindi,,False,INSIGNIA,,24,insignia,2025-01-08T16:20:00,2025-01-08T19:39:00
32365,245,177,AUDI 05,Hindi,,False,,,390,,2025-01-08T07:35:00,2025-01-08T10:53:00
32365,245,213,AUDI 05,Hindi,,False,,,390,,2025-01-08T10:55:00,2025-01-08T14:13:00
32365,152,62,AUDI 04,Hindi,,False,,,390,,2025-01-08T12:50:00,2025-01-08T16:08:00
32365,245,168,AUDI 05,Hindi,,False,,,390,,2025-01-08T17:00:00,2025-01-08T20:18:00
32365,24,24,AUDI 09,Hindi,,False,GOLD,,390,gold,2025-01-08T05:40:00,2025-01-08T08:58:00
32365,24,19,AUDI 09,Hindi,,False,GOLD,,390,gold,2025-01-08T12:25:00,2025-01-08T15:43:00
32365,122,92,AUDI 06,Hindi,,False,,,391,,2025-01-08T07:00:00,2025-01-08T10:19:00
32365,188,94,AUDI 03,Hindi,,False,,,391,,2025-01-08T12:45:00,2025-01-08T16:04:00
32365,122,91,AUDI 06,Hindi,,False,,,391,,2025-01-08T13:10:00,2025-01-08T16:29:00
32365,188,153,AUDI 03,Hindi,,False,,,391,,2025-01-08T16:30:00,2025-01-08T19:49:00
32365,226,168,SCREEN 2,Hindi,,False,,,150,,2025-01-08T07:20:00,2025-01-08T10:39:00
32365,226,110,SCREEN 2,Hindi,,False,,,150,,2025-01-08T13:35:00,2025-01-08T16:54:00
32365,226,116,SCREEN 2,Hindi,,False,,,150,,2025-01-08T16:55:00,2025-01-08T20:14:00
32365,207,78,SCREEN 2,Hindi,,False,,,231,,2025-01-08T10:20:00,2025-01-08T13:39:00
32365,207,64,SCREEN 2,Hindi,,False,,,231,,2025-01-08T13:40:00,2025-01-08T16:59:00
32365,252,166,SCREEN 3,Hindi,,False,,,231,,2025-01-08T16:40:00,2025-01-08T19:59:00
32365,206,166,SCREEN 4,Hindi,,False,LASER,,231,laser,2025-01-08T04:35:00,2025-01-08T07:54:00
32365,201,88,SCREEN 1,Hindi,,False,,,110,,2025-01-08T06:00:00,2025-01-08T09:21:00
32365,201,67,SCREEN 1,Hindi,,False,,,110,,2025-01-08T09:25:00,2025-01-08T12:46:00
32365,201,102,SCREEN 1,Hindi,,False,,,110,,2025-01-08T12:48:00,2025-01-08T16:09:00
32365,201,158,SCREEN 1,Hindi,,False,,,110,,2025-01-08T16:15:00,2025-01-08T19:36:00
32365,62,52,SCREEN 2,Hindi,,False,INSIGNIA,,110,insignia,2025-01-08T07:55:00,2025-01-08T11:14:00
32365,62,52,SCREEN 2,Hindi,,False,INSIGNIA,,110,insignia,2025-01-08T16:30:00,2025-01-08T19:51:00
32365,159,99,SCREEN 3,Hindi,,False,LASER,,110,laser,2025-01-08T04:30:00,2025-01-08T07:49:00
32365,159,119,SCREEN 3,Hindi,,False,LASER,,110,laser,2025-01-08T10:20:00,2025-01-08T13:39:00
32365,197,117,AUDI 06,Hindi,,False,,,531,,2025-01-08T05:10:00,2025-01-08T08:31:00
32365,144,46,AUDI 07,Hindi,,False,,,531,,2025-01-08T06:50:00,2025-01-08T10:09:00
32365,211,86,AUDI 03,Hindi,,False,,,531,,2025-01-08T10:55:00,2025-01-08T14:13:00
32365,144,47,AUDI 07,Hindi,,False,,,531,,2025-01-08T12:50:00,2025-01-08T16:11:00
32365,162,90,AUDI 04,Hindi,,False,,,531,,2025-01-08T16:40:00,2025-01-08T20:01:00
32365,242,126,SCREEN 3,Hindi,,False,,,510,,2025-01-08T10:50:00,2025-01-08T14:08:00
32365,172,135,AUDI 04,Hindi,,False,,,533,,2025-01-08T04:30:00,2025-01-08T07:49:00
32365,198,64,AUDI 09,Hindi,,False,,,533,,2025-01-08T05:50:00,2025-01-08T09:09:00
32365,199,64,AUDI 08,Hindi,,False,,,533,,2025-01-08T07:30:00,2025-01-08T10:49:00
32365,167,85,AUDI 10,Hindi,,False,,,533,,2025-01-08T13:10:00,2025-01-08T16:29:00
32365,198,74,AUDI 09,Hindi,,False,,,533,,2025-01-08T13:30:00,2025-01-08T16:49:00
32365,199,116,AUDI 08,Hindi,,False,,,533,,2025-01-08T16:30:00,2025-01-08T19:49:00
32365,58,43,AUDI 03,Hindi,,False,LUXE,,533,luxe,2025-01-08T12:35:00,2025-01-08T15:54:00
32365,52,37,AUDI 02,Hindi,,False,LUXE,,533,luxe,2025-01-08T17:00:00,2025-01-08T20:19:00
32365,275,153,AUDI 08,Hindi,,False,,,511,,2025-01-08T04:30:00,2025-01-08T07:51:00
32365,228,54,AUDI 09,Hindi,,False,,,511,,2025-01-08T06:35:00,2025-01-08T09:56:00
32365,320,26,AUDI 04,Hindi,,False,,,511,,2025-01-08T09:40:00,2025-01-08T12:59:00
32365,228,56,AUDI 09,Hindi,,False,,,511,,2025-01-08T13:25:00,2025-01-08T16:44:00
32365,369,244,AUDI 07,Hindi,,False,,,511,,2025-01-08T15:30:00,2025-01-08T18:51:00
32365,228,173,AUDI 09,Hindi,,False,,,511,,2025-01-08T17:00:00,2025-01-08T20:21:00
32365,44,29,AUDI 02 GOLD,Hindi,,False,GOLD,,511,gold,2025-01-08T05:30:00,2025-01-08T08:51:00
32365,114,5,AUDI 01,Hindi,,False,,,534,,2025-01-08T07:00:00,2025-01-08T10:21:00
32365,233,145,AUDI 07,Hindi,,False,,,534,,2025-01-08T17:00:00,2025-01-08T20:18:00
32365,182,126,AUDI 02,Hindi,,False,,,512,,2025-01-08T03:30:00,2025-01-08T06:49:00
32365,139,87,AUDI 08,Hindi,,False,,,512,,2025-01-08T07:15:00,2025-01-08T10:34:00
32365,139,66,AUDI 08,Hindi,,False,,,512,,2025-01-08T13:10:00,2025-01-08T16:29:00
32365,182,43,AUDI 02,Hindi,,False,,,512,,2025-01-08T13:45:00,2025-01-08T17:04:00
32365,139,58,AUDI 08,Hindi,,False,,,512,,2025-01-08T16:30:00,2025-01-08T19:51:00
32365,182,94,AUDI 02,Hindi,,False,,,512,,2025-01-08T17:05:00,2025-01-08T20:26:00
32365,233,212,SCREEN-3,Hindi,,False,,,519,,2025-01-08T04:00:00,2025-01-08T07:19:00
32365,188,7,SCREEN-1,Hindi,,False,,,519,,2025-01-08T07:50:00,2025-01-08T11:09:00
32365,234,151,SCREEN-4,Hindi,,False,,,519,,2025-01-08T10:35:00,2025-01-08T13:54:00
32365,233,214,SCREEN-3,Hindi,,False,,,519,,2025-01-08T17:00:00,2025-01-08T20:19:00
32365,133,112,SCREEN 2,Hindi,,False,,,14,,2025-01-08T05:20:00,2025-01-08T08:41:00
32365,133,96,SCREEN 4,Hindi,,False,,,14,,2025-01-08T10:20:00,2025-01-08T13:39:00
32365,260,165,SCREEN 1,Hindi,,False,,,14,,2025-01-08T13:10:00,2025-01-08T16:29:00
32365,260,201,SCREEN 1,Hindi,,False,,,14,,2025-01-08T16:30:00,2025-01-08T19:49:00
32365,104,104,SCREEN 1,Hindi,,False,,,282,,2025-01-08T10:30:00,2025-01-08T13:49:00
32365,104,90,SCREEN 1,Hindi,,False,,,282,,2025-01-08T16:20:00,2025-01-08T19:39:00
32365,183,67,SCREEN 4,Hindi,,False,,,261,,2025-01-08T07:20:00,2025-01-08T10:38:00
32365,183,165,SCREEN 4,Hindi,,False,,,261,,2025-01-08T16:50:00,2025-01-08T20:08:00
32365,233,168,AUDI 01,Hindi,,False,,,385,,2025-01-08T06:15:00,2025-01-08T09:36:00
32365,95,37,AUDI 07,Hindi,,False,,,385,,2025-01-08T10:30:00,2025-01-08T13:51:00
32365,110,59,AUDI 04,Hindi,,False,,,385,,2025-01-08T16:10:00,2025-01-08T19:31:00
32365,193,171,AUDI 03,Hindi,,False,,,520,,2025-01-08T04:20:00,2025-01-08T07:40:00
32365,154,39,AUDI 09,Hindi,,False,,,520,,2025-01-08T07:30:00,2025-01-08T10:50:00
32365,193,18,AUDI 03,Hindi,,False,,,520,,2025-01-08T10:30:00,2025-01-08T13:50:00
32365,279,114,AUDI 04,Hindi,,False,,,520,,2025-01-08T13:25:00,2025-01-08T16:45:00
32365,193,45,AUDI 03,Hindi,,False,,,520,,2025-01-08T17:00:00,2025-01-08T20:20:00
32365,30,18,AUDI 10 GOLD,Hindi,,False,GOLD,,520,gold,2025-01-08T13:10:00,2025-01-08T16:29:00
32365,30,11,AUDI 10 GOLD,Hindi,,False,GOLD,,520,gold,2025-01-08T16:30:00,2025-01-08T19:50:00
32365,125,118,SCREEN-1,Hindi,,False,,,522,,2025-01-08T05:00:00,2025-01-08T08:21:00
32365,178,135,SCREEN-3,Hindi,,False,,,522,,2025-01-08T06:20:00,2025-01-08T09:39:00
32365,176,103,SCREEN-2,Hindi,,False,,,522,,2025-01-08T17:00:00,2025-01-08T20:21:00
32365,253,41,SCREEN 1,Hindi,,False,,,148,,2025-01-08T05:35:00,2025-01-08T08:54:00
32365,202,65,SCREEN 2,Hindi,,False,,,148,,2025-01-08T13:10:00,2025-01-08T16:29:00
32365,253,218,SCREEN 1,Hindi,,False,,,148,,2025-01-08T17:00:00,2025-01-08T20:19:00
32365,41,21,SCREEN 3,Hindi,,False,INSIGNIA,,148,insignia,2025-01-08T07:15:00,2025-01-08T10:34:00
32365,253,223,SCREEN 2,Hindi,,False,,,127,,2025-01-08T05:10:00,2025-01-08T08:29:00
32365,154,97,SCREEN 1,Hindi,,False,,,127,,2025-01-08T13:20:00,2025-01-08T16:38:00
32365,283,212,SCREEN 3,Hindi,,False,,,127,,2025-01-08T17:00:00,2025-01-08T20:21:00
32365,105,73,SCREEN 1,Hindi,,False,,,208,,2025-01-08T05:20:00,2025-01-08T08:38:00
32365,101,74,SCREEN 3,Hindi,,False,,,208,,2025-01-08T10:35:00,2025-01-08T13:53:00
32365,105,39,SCREEN 1,Hindi,,False,,,208,,2025-01-08T13:40:00,2025-01-08T16:58:00
32365,101,45,SCREEN 3,Hindi,,False,,,208,,2025-01-08T16:50:00,2025-01-08T20:08:00
32365,172,129,AUDI 03,Hindi,,False,,,528,,2025-01-08T16:45:00,2025-01-08T20:06:00
32365,40,40,AUDI 04,Hindi,,False,DIRECTOR'S CUT,,529,director's-cut,2025-01-08T03:15:00,2025-01-08T06:14:00
32365,40,32,AUDI 03,Hindi,,False,DIRECTOR'S CUT,,529,director's-cut,2025-01-08T04:55:00,2025-01-08T07:56:00
32365,41,25,AUDI 01,Hindi,,False,DIRECTOR'S CUT,,529,director's-cut,2025-01-08T10:30:00,2025-01-08T13:29:00
32365,40,3,AUDI 03,Hindi,,False,DIRECTOR'S CUT,,529,director's-cut,2025-01-08T13:40:00,2025-01-08T16:41:00
32365,40,25,AUDI 04,Hindi,,False,DIRECTOR'S CUT,,529,director's-cut,2025-01-08T16:30:00,2025-01-08T19:29:00
32365,40,16,AUDI 03,Hindi,,False,DIRECTOR'S CUT,,529,director's-cut,2025-01-08T17:00:00,2025-01-08T20:01:00
32365,159,71,AUDI 4,Hindi,,False,,,507,,2025-01-08T03:50:00,2025-01-08T07:11:00
32365,150,6,AUDI 6,Hindi,,False,,,507,,2025-01-08T06:55:00,2025-01-08T10:13:00
32365,154,13,AUDI 8,Hindi,,False,,,507,,2025-01-08T10:30:00,2025-01-08T13:51:00
32365,159,0,AUDI 4,Hindi,,False,,,507,,2025-01-08T13:30:00,2025-01-08T16:49:00
32365,159,0,AUDI 4,Hindi,,False,,,507,,2025-01-08T16:50:00,2025-01-08T20:11:00
32365,130,77,SCREEN 10,Hindi,,False,,,309,,2025-01-08T05:30:00,2025-01-08T08:51:00
32365,163,75,SCREEN 9,Hindi,,False,,,309,,2025-01-08T06:00:00,2025-01-08T09:21:00
32365,165,103,SCREEN 11,Hindi,,False,,,309,,2025-01-08T06:40:00,2025-01-08T09:59:00
32365,170,69,SCREEN 3,Hindi,,False,,,309,,2025-01-08T10:25:00,2025-01-08T13:44:00
32365,163,129,SCREEN 9,Hindi,,False,,,309,,2025-01-08T13:35:00,2025-01-08T16:39:00
32365,165,124,SCREEN 4,Hindi,,False,,,309,,2025-01-08T13:40:00,2025-01-08T16:56:00
32365,130,47,SCREEN 10,Hindi,,False,,,309,,2025-01-08T16:50:00,2025-01-08T20:11:00
32365,50,38,SCREEN 12,Hindi,,False,INSIGNIA,,309,insignia,2025-01-08T13:20:00,2025-01-08T16:38:00
32365,50,35,SCREEN 12,Hindi,,False,INSIGNIA,,309,insignia,2025-01-08T16:40:00,2025-01-08T20:01:00
31840,145,115,SCREEN 5,Malayalam,,True,,,24,,2025-01-08T11:05:00,2025-01-08T14:08:00
31840,145,103,SCREEN 4,Hindi,,False,,,24,,2025-01-08T16:50:00,2025-01-08T19:55:00
31840,293,285,AUDI 07,Hindi,,False,,,390,,2025-01-08T06:35:00,2025-01-08T09:39:00
31840,178,151,AUDI 06,Malayalam,,False,,,390,,2025-01-08T08:15:00,2025-01-08T11:19:00
31840,293,243,AUDI 07,Hindi,,False,,,390,,2025-01-08T13:40:00,2025-01-08T16:43:00
31840,24,24,AUDI 08,Hindi,,False,GOLD,,390,gold,2025-01-08T09:40:00,2025-01-08T12:43:00
31840,24,20,AUDI 08,Malayalam,,False,GOLD,,390,gold,2025-01-08T15:15:00,2025-01-08T18:20:00
31840,171,118,AUDI 05,Malayalam,,False,,,391,,2025-01-08T10:55:00,2025-01-08T13:54:00
31840,171,130,AUDI 02,Hindi,,False,,,391,,2025-01-08T17:00:00,2025-01-08T20:08:00
31840,242,241,SCREEN 3,Hindi,,False,,,282,,2025-01-08T10:55:00,2025-01-08T13:58:00
31840,104,76,SCREEN 2,Hindi,,False,,,282,,2025-01-08T16:40:00,2025-01-08T19:45:00
31840,238,207,SCREEN 4,Hindi,,False,,,150,,2025-01-08T13:25:00,2025-01-08T16:28:00
31840,238,185,SCREEN 4,Malayalam,,True,,,150,,2025-01-08T16:30:00,2025-01-08T19:35:00
31840,171,127,SCREEN 2,Malayalam,,True,,,261,,2025-01-08T10:35:00,2025-01-08T13:38:00
31840,159,128,SCREEN 3,Hindi,,False,LASER,,110,laser,2025-01-08T16:30:00,2025-01-08T19:35:00
31840,207,154,SCREEN 2,Hindi,,False,,,231,,2025-01-08T17:00:00,2025-01-08T20:05:00
31840,206,183,SCREEN 4,Malayalam,,True,LASER,,231,laser,2025-01-08T13:45:00,2025-01-08T16:48:00
31840,105,79,AUDI 05,Hindi,,False,,,385,,2025-01-08T04:35:00,2025-01-08T07:38:00
31840,233,197,AUDI 01,Hindi,,False,,,385,,2025-01-08T13:40:00,2025-01-08T16:43:00
31840,194,108,AUDI 06,Malayalam,,False,,,385,,2025-01-08T17:00:00,2025-01-08T20:05:00
31840,183,131,AUDI 02,Hindi,,False,,,531,,2025-01-08T12:50:00,2025-01-08T15:58:00
31840,183,131,AUDI 02,Malayalam,,False,,,531,,2025-01-08T16:00:00,2025-01-08T19:04:00
31840,110,81,AUDI 06,Malayalam,,False,,,520,,2025-01-08T04:00:00,2025-01-08T07:03:00
31840,144,114,AUDI 08,Hindi,,False,,,520,,2025-01-08T06:20:00,2025-01-08T09:23:00
31840,193,127,AUDI 03,Malayalam,,False,,,520,,2025-01-08T13:55:00,2025-01-08T16:58:00
31840,30,27,AUDI 10 GOLD,Hindi,,False,GOLD,,520,gold,2025-01-08T04:20:00,2025-01-08T07:24:00
31840,32,16,AUDI 12 GOLD,Hindi,,False,GOLD,,520,gold,2025-01-08T16:30:00,2025-01-08T19:35:00
31840,193,178,SCREEN 2,Hindi,,False,,,510,,2025-01-08T10:35:00,2025-01-08T13:38:00
31840,193,125,SCREEN 2,Hindi,,False,,,510,,2025-01-08T16:30:00,2025-01-08T19:35:00
31840,253,213,SCREEN 1,Malayalam,,True,,,148,,2025-01-08T13:55:00,2025-01-08T16:58:00
31840,254,230,SCREEN 5,Hindi,,False,,,148,,2025-01-08T16:50:00,2025-01-08T19:53:00
31840,167,115,AUDI 10,Hindi,,False,,,533,,2025-01-08T07:15:00,2025-01-08T10:18:00
31840,172,37,AUDI 04,Malayalam,,False,,,533,,2025-01-08T10:20:00,2025-01-08T13:23:00
31840,172,104,AUDI 04,Malayalam,,False,,,533,,2025-01-08T16:15:00,2025-01-08T19:20:00
31840,176,118,SCREEN-2,Malayalam,,False,,,522,,2025-01-08T13:55:00,2025-01-08T16:58:00
31840,178,157,SCREEN-3,Hindi,,False,,,522,,2025-01-08T16:30:00,2025-01-08T19:35:00
31840,275,221,AUDI 08,Hindi,,False,,,511,,2025-01-08T10:45:00,2025-01-08T13:48:00
31840,231,158,AUDI 11,Malayalam,,False,,,511,,2025-01-08T13:55:00,2025-01-08T16:58:00
31840,154,133,SCREEN 1,Hindi,,False,,,127,,2025-01-08T10:15:00,2025-01-08T13:19:00
31840,253,224,SCREEN 2,Malayalam,,True,,,127,,2025-01-08T16:50:00,2025-01-08T19:55:00
31840,111,40,AUDI 03,Malayalam,,False,,,534,,2025-01-08T04:45:00,2025-01-08T07:47:00
31840,233,177,AUDI 07,Malayalam,,False,,,534,,2025-01-08T13:55:00,2025-01-08T16:57:00
31840,233,204,AUDI 06,Hindi,,False,,,534,,2025-01-08T15:30:00,2025-01-08T18:33:00
31840,149,144,AUDI 05,Hindi,,False,,,512,,2025-01-08T04:25:00,2025-01-08T07:28:00
31840,149,114,AUDI 05,Malayalam,,False,,,512,,2025-01-08T07:30:00,2025-01-08T10:33:00
31840,199,160,AUDI 06,Hindi,,False,,,512,,2025-01-08T11:05:00,2025-01-08T14:08:00
31840,149,62,AUDI 05,Malayalam,,False,,,512,,2025-01-08T13:25:00,2025-01-08T16:28:00
31840,199,149,AUDI 06,Hindi,,False,,,512,,2025-01-08T17:00:00,2025-01-08T20:05:00
31840,167,157,AUDI 05,Hindi,,False,,,528,,2025-01-08T07:45:00,2025-01-08T10:48:00
31840,40,35,AUDI 04,Hindi,,False,DIRECTOR'S CUT,,529,director's-cut,2025-01-08T10:40:00,2025-01-08T13:23:00
31840,159,132,AUDI 4,Hindi,,False,,,507,,2025-01-08T07:15:00,2025-01-08T10:20:00
31840,229,187,AUDI 7,Hindi,,False,,,507,,2025-01-08T10:35:00,2025-01-08T13:38:00
31840,154,59,AUDI 8,Malayalam,,False,,,507,,2025-01-08T16:45:00,2025-01-08T19:50:00
31840,165,116,SCREEN 11,Hindi,,False,,,309,,2025-01-08T10:00:00,2025-01-08T13:03:00
31840,165,118,SCREEN 11,Malayalam,,False,,,309,,2025-01-08T13:05:00,2025-01-08T16:08:00
31840,165,105,SCREEN 11,Hindi,,False,,,309,,2025-01-08T16:10:00,2025-01-08T19:15:00
31840,188,162,SCREEN-1,Hindi,,False,,,519,,2025-01-08T04:45:00,2025-01-08T07:49:00
31840,188,132,SCREEN-1,Hindi,,False,,,519,,2025-01-08T11:10:00,2025-01-08T14:09:00
31840,188,170,SCREEN-1,Hindi,,False,,,519,,2025-01-08T16:40:00,2025-01-08T19:44:00
28540,206,191,SCREEN 1,Telugu,,False,,,24,,2025-01-08T09:55:00,2025-01-08T13:54:00
28540,186,163,SCREEN 2,Hindi,,False,,,24,,2025-01-08T16:30:00,2025-01-08T20:31:00
28540,293,280,AUDI 07,Telugu,,True,,,390,,2025-01-08T09:40:00,2025-01-08T13:39:00
28540,293,283,AUDI 07,Hindi,,True,,,390,,2025-01-08T16:45:00,2025-01-08T20:46:00
28540,24,23,AUDI 09,Telugu,,True,GOLD,,390,gold,2025-01-08T15:45:00,2025-01-08T19:45:00
28540,171,157,AUDI 02,Hindi,,True,,,391,,2025-01-08T07:25:00,2025-01-08T11:24:00
28540,320,282,SCREEN 1,Hindi,,False,,,150,,2025-01-08T10:10:00,2025-01-08T14:09:00
28540,252,210,SCREEN 3,Telugu,,False,,,231,,2025-01-08T09:50:00,2025-01-08T13:49:00
28540,199,156,SCREEN 5,Hindi,,False,,,110,,2025-01-08T12:50:00,2025-01-08T16:49:00
28540,197,191,AUDI 06,Telugu,,True,,,531,,2025-01-08T08:40:00,2025-01-08T12:48:00
28540,197,173,AUDI 06,Hindi,,True,,,531,,2025-01-08T12:50:00,2025-01-08T16:58:00
28540,242,231,SCREEN 3,Telugu,,True,,,510,,2025-01-08T06:50:00,2025-01-08T10:47:00
28540,242,229,SCREEN 3,Hindi,,True,,,510,,2025-01-08T17:00:00,2025-01-08T21:01:00
28540,198,145,AUDI 09,Telugu,,True,,,533,,2025-01-08T09:15:00,2025-01-08T13:16:00
28540,198,173,AUDI 09,Hindi,,True,,,533,,2025-01-08T16:50:00,2025-01-08T20:51:00
28540,320,273,AUDI 04,Kannada,,False,,,511,,2025-01-08T05:40:00,2025-01-08T09:39:00
28540,320,244,AUDI 04,Telugu,,True,,,511,,2025-01-08T13:00:00,2025-01-08T16:59:00
28540,320,287,AUDI 04,Hindi,,True,,,511,,2025-01-08T17:00:00,2025-01-08T21:01:00
28540,233,202,AUDI 07,Telugu,,True,,,534,,2025-01-08T09:55:00,2025-01-08T13:53:00
28540,111,104,AUDI 03,Hindi,,True,,,534,,2025-01-08T16:00:00,2025-01-08T19:58:00
28540,152,132,AUDI 07,Telugu,,True,,,512,,2025-01-08T06:10:00,2025-01-08T10:09:00
28540,182,122,AUDI 02,Hindi,,True,,,512,,2025-01-08T09:45:00,2025-01-08T13:44:00
28540,152,119,AUDI 07,Telugu,,True,,,512,,2025-01-08T13:00:00,2025-01-08T16:59:00
28540,152,133,AUDI 07,Hindi,,True,,,512,,2025-01-08T17:00:00,2025-01-08T21:01:00
28540,233,225,SCREEN-3,Telugu,,True,,,519,,2025-01-08T10:10:00,2025-01-08T14:08:00
28540,260,226,SCREEN 3,Hindi,,False,,,14,,2025-01-08T10:05:00,2025-01-08T14:04:00
28540,104,87,SCREEN 5,Hindi,,False,LASER,,282,laser,2025-01-08T16:40:00,2025-01-08T20:41:00
28540,183,170,SCREEN 3,Telugu,,False,,,261,,2025-01-08T10:10:00,2025-01-08T14:07:00
28540,233,224,AUDI 01,Telugu,,True,,,385,,2025-01-08T09:40:00,2025-01-08T13:39:00
28540,233,191,AUDI 01,Hindi,,True,,,385,,2025-01-08T16:45:00,2025-01-08T20:46:00
28540,144,80,AUDI 08,Hindi,,True,,,520,,2025-01-08T12:45:00,2025-01-08T16:44:00
28540,144,107,AUDI 08,Telugu,,True,,,520,,2025-01-08T16:45:00,2025-01-08T20:46:00
28540,178,170,SCREEN-3,Telugu,,True,,,522,,2025-01-08T09:40:00,2025-01-08T13:39:00
28540,254,214,SCREEN 5,Telugu,,False,,,148,,2025-01-08T10:00:00,2025-01-08T13:59:00
28540,41,20,SCREEN 3,Hindi,,False,INSIGNIA,,148,insignia,2025-01-08T10:35:00,2025-01-08T14:34:00
28540,41,30,SCREEN 3,Hindi,,False,INSIGNIA,,148,insignia,2025-01-08T16:55:00,2025-01-08T20:54:00
28540,105,90,SCREEN 1,Hindi,,False,,,208,,2025-01-08T17:00:00,2025-01-08T21:01:00
28540,118,83,AUDI 01,Telugu,,True,,,528,,2025-01-08T10:15:00,2025-01-08T14:13:00
28540,167,143,AUDI 05,Telugu,,True,,,528,,2025-01-08T16:35:00,2025-01-08T20:33:00
28540,40,35,AUDI 05,Telugu,,True,DIRECTOR'S CUT,,529,director's-cut,2025-01-08T10:25:00,2025-01-08T14:04:00
28540,40,36,AUDI 05,Hindi,,True,DIRECTOR'S CUT,,529,director's-cut,2025-01-08T16:15:00,2025-01-08T19:56:00
28540,154,131,AUDI 8,Telugu,,True,,,507,,2025-01-08T06:30:00,2025-01-08T10:29:00
28540,169,136,AUDI 9,Hindi,,True,,,507,,2025-01-08T12:30:00,2025-01-08T16:29:00
28540,169,133,AUDI 9,Telugu,,False,,,507,,2025-01-08T16:30:00,2025-01-08T20:31:00
28540,165,152,SCREEN 4,Hindi,,True,,,309,,2025-01-08T06:40:00,2025-01-08T10:39:00
28540,163,143,SCREEN 9,Telugu,,True,,,309,,2025-01-08T09:35:00,2025-01-08T13:34:00
28540,163,127,SCREEN 9,Telugu,,True,,,309,,2025-01-08T16:40:00,2025-01-08T20:41:00
28540,165,135,SCREEN 4,Hindi,,True,,,309,,2025-01-08T17:00:00,2025-01-08T21:01:00
27616,145,145,SCREEN 5,English,,True,,,24,,2025-01-09T08:05:00,2025-01-09T10:54:00
27616,152,152,AUDI 04,English,,True,,,390,,2025-01-09T10:00:00,2025-01-09T12:49:00
27616,52,52,AUDI 02,English,,True,GOLD,,390,gold,2025-01-09T13:50:00,2025-01-09T16:39:00
27616,261,261,AUDI 03,English,IMAX,True,IMAX,IMAX,390,imax,2025-01-09T17:00:00,2025-01-09T19:48:00
27616,122,122,AUDI 06,English,,True,,,391,,2025-01-09T10:20:00,2025-01-09T13:09:00
27616,207,207,SCREEN 2,English,,True,,,231,,2025-01-09T07:25:00,2025-01-09T10:14:00
27616,159,159,SCREEN 3,English,,True,LASER,,110,laser,2025-01-09T16:40:00,2025-01-09T19:29:00
27616,80,80,AUDI 05 4DX,English,4DX,True,4DX,,531,4dx,2025-01-09T06:30:00,2025-01-09T09:08:00
27616,242,241,SCREEN 3,English,,True,,,510,,2025-01-09T14:10:00,2025-01-09T16:59:00
27616,172,171,AUDI 04,English,,True,,,533,,2025-01-09T13:25:00,2025-01-09T16:14:00
27616,88,87,AUDI 11 4DX,English,4DX,True,4DX,,533,4dx,2025-01-09T09:10:00,2025-01-09T11:49:00
27616,227,226,AUDI 12 ICE,English,ICE,True,ICE,ICE,533,ice,2025-01-09T07:10:00,2025-01-09T09:59:00
27616,44,44,AUDI 02 GOLD,English,,True,GOLD,,511,gold,2025-01-09T11:25:00,2025-01-09T14:14:00
27616,111,111,AUDI 03,English,,True,,,534,,2025-01-09T10:20:00,2025-01-09T13:06:00
27616,152,152,AUDI 07,English,,True,,,512,,2025-01-09T10:10:00,2025-01-09T12:59:00
27616,234,234,SCREEN-4,English,ATMOS,True,,,519,,2025-01-09T16:45:00,2025-01-09T19:33:00
27616,133,133,SCREEN 4,English,,True,,,14,,2025-01-09T07:30:00,2025-01-09T10:19:00
27616,104,104,SCREEN 5,English,,True,LASER,,282,laser,2025-01-09T04:40:00,2025-01-09T07:29:00
27616,183,183,SCREEN 4,English,,True,,,261,,2025-01-09T04:30:00,2025-01-09T07:18:00
27616,171,171,SCREEN 2,English,,True,,,261,,2025-01-09T07:45:00,2025-01-09T10:34:00
27616,171,171,SCREEN 2,English,,True,,,261,,2025-01-09T13:40:00,2025-01-09T16:29:00
27616,194,194,AUDI 06,English,,True,,,385,,2025-01-09T08:15:00,2025-01-09T11:04:00
27616,105,105,AUDI 05,English,,True,,,385,,2025-01-09T10:30:00,2025-01-09T13:19:00
27616,108,108,AUDI 07 4DX,English,4DX,True,4DX,,520,4dx,2025-01-09T17:00:00,2025-01-09T19:39:00
27616,30,27,AUDI 10 GOLD,English,,True,GOLD,,520,gold,2025-01-09T07:25:00,2025-01-09T10:19:00
27616,305,304,AUDI 02 IMAX,English,IMAX,True,IMAX,IMAX,520,imax,2025-01-09T10:50:00,2025-01-09T13:44:00
27616,220,220,IMAX 4,English,IMAX,True,IMAX,IMAX,148,imax,2025-01-09T16:10:00,2025-01-09T18:57:00
27616,125,123,SCREEN-1,English,ATMOS,True,,,522,,2025-01-09T10:55:00,2025-01-09T13:44:00
27616,253,252,SCREEN 2,English,,True,,,127,,2025-01-09T11:15:00,2025-01-09T14:04:00
27616,101,101,SCREEN 3,English,,True,,,208,,2025-01-09T07:40:00,2025-01-09T10:29:00
27616,167,167,AUDI 05,English,,True,,,528,,2025-01-09T04:50:00,2025-01-09T07:38:00
27616,167,167,AUDI 05,English,,True,,,528,,2025-01-09T13:45:00,2025-01-09T16:33:00
27616,322,318,AUDI 1 IMAX,English,IMAX,True,IMAX,IMAX,507,imax,2025-01-09T17:00:00,2025-01-09T19:49:00
27616,41,41,AUDI 01,English,,True,DIRECTOR'S CUT,,529,director's-cut,2025-01-09T05:50:00,2025-01-09T08:19:00
27616,41,37,AUDI 01,English,,True,DIRECTOR'S CUT,,529,director's-cut,2025-01-09T16:00:00,2025-01-09T18:29:00
27616,165,160,SCREEN 4,English,,True,,,309,,2025-01-09T10:40:00,2025-01-09T13:29:00
27616,42,41,SCREEN 13,English,,True,INSIGNIA,,309,insignia,2025-01-09T05:15:00,2025-01-09T08:04:00
27616,40,40,SCREEN 14,English,,True,INSIGNIA,,309,insignia,2025-01-09T13:40:00,2025-01-09T16:29:00
27616,169,169,SCREEN 7,English,SCREEN X,True,SCREEN X,,309,screen-x,2025-01-09T07:10:00,2025-01-09T09:59:00
27616,169,169,SCREEN 7,English,SCREEN X,True,SCREEN X,,309,screen-x,2025-01-09T16:00:00,2025-01-09T18:49:00
31764,171,165,AUDI 02,Kannada,,False,,,391,,2025-01-08T04:35:00,2025-01-08T07:24:00
31764,171,157,AUDI 02,Kannada,,False,,,391,,2025-01-08T14:10:00,2025-01-08T16:59:00
31764,238,225,SCREEN 4,Kannada,,False,,,150,,2025-01-08T08:00:00,2025-01-08T10:51:00
31764,183,158,SCREEN 4,Kannada,,False,,,261,,2025-01-08T10:40:00,2025-01-08T13:29:00
31764,171,150,SCREEN 2,Kannada,,False,,,261,,2025-01-08T16:30:00,2025-01-08T19:21:00
31764,105,99,AUDI 05,Kannada,,False,,,385,,2025-01-08T07:40:00,2025-01-08T10:29:00
31764,95,79,AUDI 07,Kannada,,False,,,385,,2025-01-08T13:55:00,2025-01-08T16:44:00
31764,252,227,SCREEN 3,Kannada,,False,,,231,,2025-01-08T07:00:00,2025-01-08T09:49:00
31764,252,221,SCREEN 3,Kannada,,False,,,231,,2025-01-08T13:50:00,2025-01-08T16:39:00
31764,183,174,AUDI 02,Kannada,,False,,,531,,2025-01-08T09:55:00,2025-01-08T12:45:00
31764,154,143,AUDI 09,Kannada,,False,,,520,,2025-01-08T04:30:00,2025-01-08T07:20:00
31764,154,143,AUDI 09,Kannada,,False,,,520,,2025-01-08T11:15:00,2025-01-08T14:03:00
31764,32,32,AUDI 12 GOLD,Kannada,,False,GOLD,,520,gold,2025-01-08T05:30:00,2025-01-08T08:18:00
31764,199,176,AUDI 08,Kannada,,False,,,533,,2025-01-08T04:35:00,2025-01-08T07:25:00
31764,199,164,AUDI 08,Kannada,,False,,,533,,2025-01-08T10:50:00,2025-01-08T13:39:00
31764,199,179,AUDI 08,Kannada,,False,,,533,,2025-01-08T13:40:00,2025-01-08T16:29:00
31764,52,43,AUDI 02,Kannada,,False,LUXE,,533,luxe,2025-01-08T08:30:00,2025-01-08T11:18:00
31764,275,247,AUDI 08,Kannada,,False,,,511,,2025-01-08T07:55:00,2025-01-08T10:43:00
31764,231,175,AUDI 11,Kannada,,False,,,511,,2025-01-08T11:05:00,2025-01-08T13:53:00
31764,275,231,AUDI 08,Kannada,,False,,,511,,2025-01-08T13:50:00,2025-01-08T16:38:00
31764,231,198,AUDI 11,Kannada,,False,,,511,,2025-01-08T17:00:00,2025-01-08T19:52:00
31764,254,240,SCREEN 5,Kannada,,False,,,148,,2025-01-08T04:20:00,2025-01-08T07:08:00
31764,254,220,SCREEN 5,Kannada,,False,,,148,,2025-01-08T07:10:00,2025-01-08T09:58:00
31764,254,222,SCREEN 5,Kannada,,False,,,148,,2025-01-08T14:00:00,2025-01-08T16:48:00
31764,111,89,AUDI 03,Kannada,,False,,,534,,2025-01-08T13:10:00,2025-01-08T15:59:00
31764,283,268,SCREEN 3,Kannada,,False,,,127,,2025-01-08T08:30:00,2025-01-08T11:19:00
31764,167,154,AUDI 05,Kannada,,False,,,528,,2025-01-08T10:50:00,2025-01-08T13:42:00
31764,118,110,AUDI 01,Kannada,,False,,,528,,2025-01-08T17:00:00,2025-01-08T19:50:00
31764,154,110,AUDI 8,Kannada,,False,,,507,,2025-01-08T13:55:00,2025-01-08T16:44:00
31764,136,108,SCREEN 6,Kannada,,False,,,309,,2025-01-08T08:30:00,2025-01-08T11:18:00
31764,136,123,SCREEN 6,Kannada,,False,,,309,,2025-01-08T13:50:00,2025-01-08T16:38:00
31764,136,131,SCREEN 6,Kannada,,False,,,309,,2025-01-08T16:40:00,2025-01-08T19:32:00
31764,234,209,SCREEN-4,Kannada,,False,,,519,,2025-01-08T07:45:00,2025-01-08T10:34:00
31764,234,219,SCREEN-4,Kannada,ATMOS,False,,,519,,2025-01-08T13:55:00,2025-01-08T16:44:00
30041,186,182,SCREEN 2,English,3D,True,,3D,24,,2025-01-08T08:20:00,2025-01-08T10:38:00
30041,104,93,SCREEN 2,English,3D,True,,3D,282,,2025-01-08T11:30:00,2025-01-08T13:53:00
30041,80,70,AUDI 05 4DX,English,3D 4DX,True,4DX,3D,531,4dx,2025-01-08T09:10:00,2025-01-08T11:19:00
30041,80,74,AUDI 05 4DX,English,3D 4DX,True,4DX,3D,531,4dx,2025-01-08T13:50:00,2025-01-08T16:00:00
30041,108,85,AUDI 07 4DX,English,3D 4DX,True,4DX,3D,520,4dx,2025-01-08T14:50:00,2025-01-08T16:58:00
30041,193,189,SCREEN 2,English,3D,True,,3D,510,,2025-01-08T05:25:00,2025-01-08T07:43:00
30041,88,61,AUDI 11 4DX,English,3D 4DX,True,4DX,3D,533,4dx,2025-01-08T14:20:00,2025-01-08T16:28:00
30041,88,71,AUDI 03 4DX,English,3D 4DX,True,4DX,3D,511,4dx,2025-01-08T09:05:00,2025-01-08T11:13:00
30041,176,167,SCREEN-2,English,3D ATMOS,True,,3D,522,,2025-01-08T11:35:00,2025-01-08T13:53:00
30041,41,34,SCREEN 3,English,3D,True,INSIGNIA,3D,148,insignia,2025-01-08T04:55:00,2025-01-08T07:13:00
30041,41,29,SCREEN 3,English,3D,True,INSIGNIA,3D,148,insignia,2025-01-08T14:35:00,2025-01-08T16:53:00
30041,121,110,AUDI 02,English,3D,True,,3D,534,,2025-01-08T10:40:00,2025-01-08T12:58:00
30041,124,117,AUDI 01,English,3D 4DX,True,4DX,3D,512,4dx,2025-01-08T09:20:00,2025-01-08T11:28:00
30041,120,103,AUDI 04,English,3D,True,PLAYHOUSE,3D,512,playhouse,2025-01-08T11:05:00,2025-01-08T13:28:00
30041,40,38,AUDI 05,English,3D,True,DIRECTOR'S CUT,3D,529,director's-cut,2025-01-08T08:25:00,2025-01-08T10:23:00
30041,88,76,AUDI 2 4DX,English,3D 4DX,True,4DX,3D,507,4dx,2025-01-08T06:30:00,2025-01-08T08:38:00
30041,92,70,AUDI 3 PLAYHOUSE,English,3D,True,PLAYHOUSE,3D,507,playhouse,2025-01-08T11:35:00,2025-01-08T13:58:00
30041,169,153,SCREEN 7,English,3D,True,,3D,309,,2025-01-08T13:35:00,2025-01-08T15:58:00
30041,42,32,SCREEN 13,English,3D,True,INSIGNIA,3D,309,insignia,2025-01-08T10:50:00,2025-01-08T13:13:00
30041,234,211,SCREEN-5,English,3D,True,,3D,519,,2025-01-08T11:40:00,2025-01-08T13:59:00
29252,152,147,AUDI 04,Hindi,,False,,,390,,2025-01-08T06:35:00,2025-01-08T09:57:00
29252,52,51,AUDI 02,Hindi,,False,GOLD,,390,gold,2025-01-08T10:25:00,2025-01-08T13:47:00
29252,104,104,SCREEN 5,Hindi,,False,LASER,,282,laser,2025-01-08T10:15:00,2025-01-08T13:39:00
29252,238,230,SCREEN 3,Hindi,,False,,,150,,2025-01-08T16:45:00,2025-01-08T20:10:00
29252,95,88,AUDI 07,Hindi,,False,,,385,,2025-01-08T16:45:00,2025-01-08T20:10:00
29252,206,189,SCREEN 4,Hindi,,False,LASER,,231,laser,2025-01-08T10:25:00,2025-01-08T13:44:00
29252,174,149,SCREEN 4,Hindi,,False,,,110,,2025-01-08T08:25:00,2025-01-08T11:44:00
29252,144,126,AUDI 07,Hindi,,False,,,531,,2025-01-08T16:15:00,2025-01-08T19:39:00
29252,110,97,AUDI 06,Hindi,,False,,,520,,2025-01-08T07:05:00,2025-01-08T10:29:00
29252,68,46,SCREEN 4,Hindi,,False,,,510,,2025-01-08T16:15:00,2025-01-08T19:40:00
29252,222,216,AUDI 07,Hindi,,False,,,533,,2025-01-08T10:05:00,2025-01-08T13:28:00
29252,222,200,AUDI 07,Hindi,,False,,,533,,2025-01-08T16:00:00,2025-01-08T19:27:00
29252,43,43,AUDI 01,Hindi,,False,LUXE,,533,luxe,2025-01-08T04:35:00,2025-01-08T07:59:00
29252,176,171,SCREEN-2,Hindi,,False,,,522,,2025-01-08T08:10:00,2025-01-08T11:33:00
29252,228,206,AUDI 09,Hindi,,False,,,511,,2025-01-08T10:00:00,2025-01-08T13:24:00
29252,202,189,SCREEN 2,Hindi,,False,,,148,,2025-01-08T07:30:00,2025-01-08T10:49:00
29252,114,109,AUDI 01,Hindi,,False,,,534,,2025-01-08T13:05:00,2025-01-08T16:27:00
29252,199,196,AUDI 06,Hindi,,False,,,512,,2025-01-08T04:15:00,2025-01-08T07:38:00
29252,199,190,AUDI 06,Hindi,,False,,,512,,2025-01-08T07:40:00,2025-01-08T11:03:00
29252,154,148,SCREEN 1,Hindi,,False,,,127,,2025-01-08T16:40:00,2025-01-08T20:02:00
29252,108,101,SCREEN 2,Hindi,,False,,,208,,2025-01-08T07:45:00,2025-01-08T11:08:00
29252,150,127,AUDI 6,Hindi,ATMOS,False,,,507,,2025-01-08T10:15:00,2025-01-08T13:37:00
29252,40,33,AUDI 04,Hindi,,False,DIRECTOR'S CUT,,529,director's-cut,2025-01-08T13:25:00,2025-01-08T16:27:00
29252,136,132,SCREEN 6,Hindi,,False,,,309,,2025-01-08T04:50:00,2025-01-08T08:13:00
29252,170,158,SCREEN 3,Hindi,,False,,,309,,2025-01-08T16:20:00,2025-01-08T19:45:00
32291,95,77,AUDI 07,Malayalam,,True,,,385,,2025-01-08T05:00:00,2025-01-08T07:35:00
32291,105,55,AUDI 05,Malayalam,,True,,,385,,2025-01-08T13:20:00,2025-01-08T15:55:00
32291,154,37,AUDI 09,Malayalam,,True,,,520,,2025-01-08T17:00:00,2025-01-08T19:35:00
32291,64,50,AUDI 09,Malayalam,,False,,,512,,2025-01-08T07:55:00,2025-01-08T10:28:00
32291,169,118,AUDI 9,Malayalam,,True,,,507,,2025-01-08T07:00:00,2025-01-08T09:35:00
32291,121,68,SCREEN 5,Malayalam,,True,,,309,,2025-01-08T16:50:00,2025-01-08T19:25:00
32291,242,220,SCREEN 3,Malayalam,,True,,,282,,2025-01-08T16:50:00,2025-01-08T19:25:00
32268,133,115,SCREEN 2,Bengali,,True,,,14,,2025-01-08T11:15:00,2025-01-08T14:09:00
32268,260,253,SCREEN 3,Bengali,,True,,,14,,2025-01-08T16:50:00,2025-01-08T19:44:00
32268,110,93,AUDI 06,Bengali,,False,,,520,,2025-01-08T13:35:00,2025-01-08T16:32:00
32268,87,74,AUDI 05,Bengali,,False,,,520,,2025-01-08T16:45:00,2025-01-08T19:42:00
32268,182,163,AUDI 02,Bengali,,False,,,512,,2025-01-08T06:50:00,2025-01-08T09:43:00
32268,163,159,SCREEN 8,Bengali,,False,,,309,,2025-01-08T09:50:00,2025-01-08T12:37:00
32268,130,92,SCREEN 10,Bengali,,False,,,309,,2025-01-08T14:00:00,2025-01-08T16:47:00
32268,104,79,SCREEN 5,Bengali,,False,LASER,,282,laser,2025-01-08T13:40:00,2025-01-08T16:37:00
32269,64,64,AUDI 09,Bengali,,True,,,512,,2025-01-10T10:35:00,2025-01-10T13:19:00
32269,136,136,SCREEN 6,Bengali,,True,,,309,,2025-01-10T14:05:00,2025-01-10T16:49:00
28503,110,105,AUDI 04,Tamil,,False,,,385,,2025-01-08T10:15:00,2025-01-08T13:39:00
28503,87,66,AUDI 05,Tamil,,False,,,520,,2025-01-08T07:40:00,2025-01-08T11:04:00
28503,64,45,AUDI 09,Tamil,,False,,,512,,2025-01-08T10:30:00,2025-01-08T13:54:00
28503,229,221,AUDI 7,Tamil,,False,,,507,,2025-01-08T07:10:00,2025-01-08T10:34:00
29661,228,0,AUDI 06,English,3D,True,,3D,533,,2025-01-08T04:30:00,2025-01-08T06:52:00
29661,222,58,AUDI 07,English,3D,True,,3D,533,,2025-01-08T04:30:00,2025-01-08T06:52:00
29661,92,83,AUDI 3 PLAYHOUSE,English,3D,True,PLAYHOUSE,3D,507,playhouse,2025-01-08T06:40:00,2025-01-08T09:03:00
29983,40,26,AUDI 05,English,,True,DIRECTOR'S CUT,,529,director's-cut,2025-01-08T05:35:00,2025-01-08T08:23:00
31643,41,29,AUDI 01,English,,False,DIRECTOR'S CUT,,529,director's-cut,2025-01-08T08:20:00,2025-01-08T10:29:00
29985,40,17,AUDI 03,English,3D,True,DIRECTOR'S CUT,3D,529,director's-cut,2025-01-08T10:30:00,2025-01-08T13:30:00
32265,174,172,SCREEN 4,Bengali,,True,,,110,,2025-01-08T17:00:00,2025-01-08T20:04:00
32265,64,53,AUDI 09,Bengali,,False,,,512,,2025-01-08T16:20:00,2025-01-08T19:21:00
31956,159,111,AUDI 4,Malayalam,,True,,,507,,2025-01-08T10:30:00,2025-01-08T13:28:00
31932,159,141,AUDI 5,Malayalam,,True,,,507,,2025-01-08T05:30:00,2025-01-08T08:09:00
31817,87,78,AUDI 05,Japanese,,True,,,520,,2025-01-08T05:00:00,2025-01-08T07:39:00
29110,159,150,AUDI 5,Hindi,,False,,,507,,2025-01-08T11:00:00,2025-01-08T13:49:00
30151,150,141,AUDI 6,Malayalam,3D,False,,3D,507,,2025-01-08T13:40:00,2025-01-08T16:54:00
