movieId,theatreId,totalSeats,availableSeats,screenName,language,startTime,endTime
198917,128,284,274,AUDI 1,hi,2025-06-09T16:00:00,2025-06-09T16:00:00
198917,128,284,274,AUDI 1,hi,2025-06-09T12:25:00,2025-06-09T12:25:00
198917,128,154,135,AUDI 3,hi,2025-06-09T12:55:00,2025-06-09T12:55:00
198917,128,166,156,AUDI 2,hi,2025-06-09T17:00:00,2025-06-09T17:00:00
198917,128,166,154,AUDI 2,hi,2025-06-09T10:40:00,2025-06-09T10:40:00
198917,128,273,260,AUDI 4,hi,2025-06-09T11:40:00,2025-06-09T11:40:00
198917,128,139,127,AUDI 5,hi,2025-06-09T09:30:00,2025-06-09T09:30:00
198917,128,273,250,AUDI 4,hi,2025-06-09T16:45:00,2025-06-09T16:45:00
198917,128,139,129,AUDI 5,hi,2025-06-09T15:40:00,2025-06-09T15:40:00
198917,128,284,274,AUDI 1,hi,2025-06-09T08:55:00,2025-06-09T08:55:00
198917,56450,135,125,SCREEN 01,hi,2025-06-09T15:15:00,2025-06-09T15:15:00
198917,56450,343,314,SCREEN 05,hi,2025-06-09T13:20:00,2025-06-09T13:20:00
198917,56450,343,326,SCREEN 05,hi,2025-06-09T16:50:00,2025-06-09T16:50:00
198917,56450,343,311,SCREEN 05,hi,2025-06-09T09:50:00,2025-06-09T09:50:00
198917,56450,235,225,SCREEN 06,hi,2025-06-09T12:55:00,2025-06-09T12:55:00
198917,56450,184,174,SCREEN 03,hi,2025-06-09T16:15:00,2025-06-09T16:15:00
198917,56450,235,219,SCREEN 06,hi,2025-06-09T09:25:00,2025-06-09T09:25:00
198917,56450,186,152,SCREEN 04,hi,2025-06-09T07:35:00,2025-06-09T07:35:00
198917,56451,82,67,SCREEN 03,hi,2025-06-09T10:00:00,2025-06-09T10:00:00
198917,56451,94,88,SCREEN 01,hi,2025-06-09T13:15:00,2025-06-09T13:15:00
198917,56451,94,88,SCREEN 01,hi,2025-06-09T16:50:00,2025-06-09T16:50:00
198917,56451,82,76,SCREEN 03,hi,2025-06-09T13:30:00,2025-06-09T13:30:00
198917,56451,82,72,SCREEN 03,hi,2025-06-09T17:00:00,2025-06-09T17:00:00
198917,579,1064,104,Goverdhan,hi,2025-06-09T14:00:00,2025-06-09T13:30:00
198917,579,1064,104,Goverdhan,hi,2025-06-09T16:45:00,2025-06-09T16:15:00
198917,4196,577,156,Vinayaka,hi,2025-06-09T13:30:00,2025-06-09T13:00:00
198917,4196,577,156,Vinayaka,hi,2025-06-09T16:30:00,2025-06-09T16:00:00
198917,9637,235,225,AUDI 5,hi,2025-06-09T09:55:00,2025-06-09T09:55:00
198917,9637,159,145,AUDI 2,hi,2025-06-09T17:00:00,2025-06-09T17:00:00
198917,9637,200,188,AUDI 3,hi,2025-06-09T16:00:00,2025-06-09T16:00:00
198917,9637,226,214,AUDI 6,hi,2025-06-09T13:30:00,2025-06-09T13:30:00
198917,9637,150,140,AUDI 1,hi,2025-06-09T16:15:00,2025-06-09T16:15:00
198917,9637,226,214,AUDI 6,hi,2025-06-09T10:00:00,2025-06-09T10:00:00
198917,1039754,321,316,AUDI 3,hi,2025-06-09T07:45:00,2025-06-09T08:05:00
198917,1039754,321,321,AUDI 3,hi,2025-06-09T11:00:00,2025-06-09T11:20:00
198917,1039754,321,321,AUDI 3,hi,2025-06-09T14:00:00,2025-06-09T14:20:00
198917,1039754,321,321,AUDI 3,hi,2025-06-09T17:00:00,2025-06-09T17:20:00
198917,1039754,210,205,AUDI 4,hi,2025-06-09T09:00:00,2025-06-09T09:20:00
198917,1039754,210,210,AUDI 4,hi,2025-06-09T12:30:00,2025-06-09T12:50:00
198917,1039754,210,210,AUDI 4,hi,2025-06-09T15:45:00,2025-06-09T16:05:00
198917,1026890,596,84,Murali Cinemas,hi,2025-06-09T09:00:00,2025-06-09T08:00:00
198917,1026890,596,84,Murali Cinemas,hi,2025-06-09T16:00:00,2025-06-09T15:00:00
198917,1026890,596,84,Murali Cinemas,hi,2025-06-09T12:30:00,2025-06-09T11:30:00
198917,1049238,505,101,Vaibhav Cinemas,hi,2025-06-09T11:00:00,2025-06-09T11:00:00
198917,1049238,505,101,Vaibhav Cinemas,hi,2025-06-09T14:00:00,2025-06-09T14:00:00
198917,1049238,505,101,Vaibhav Cinemas,hi,2025-06-09T08:00:00,2025-06-09T08:00:00
198917,1039879,635,106,Kamkaya,hi,2025-06-09T11:00:00,2025-06-09T11:45:00
198917,54957,544,89,Vinayaka cinemas,hi,2025-06-09T13:30:00,2025-06-09T12:30:00
198917,54957,544,94,Vinayaka cinemas,hi,2025-06-09T16:15:00,2025-06-09T15:15:00
198917,54957,544,93,Vinayaka cinemas,hi,2025-06-09T10:30:00,2025-06-09T09:30:00
198917,9710,100,20,Audi-1,hi,2025-06-09T12:30:00,2025-06-09T12:00:00
198917,9710,120,20,AUDI-2,hi,2025-06-09T15:30:00,2025-06-09T15:00:00
198917,9710,120,20,AUDI-2,hi,2025-06-09T08:30:00,2025-06-09T08:00:00
198917,1041377,715,80,Roopa,hi,2025-06-09T10:45:00,2025-06-09T11:30:00
198917,1041377,715,80,Roopa,hi,2025-06-09T16:15:00,2025-06-09T17:00:00
198917,52080,227,227,SCREEN 6,hi,2025-06-09T16:15:00,2025-06-09T17:00:00
198917,52080,227,227,SCREEN 6,hi,2025-06-09T13:00:00,2025-06-09T13:45:00
198917,52080,227,227,SCREEN 6,hi,2025-06-09T09:45:00,2025-06-09T10:30:00
198917,52080,227,227,SCREEN 4,hi,2025-06-09T10:30:00,2025-06-09T11:15:00
198917,52080,227,222,SCREEN 4,hi,2025-06-09T07:15:00,2025-06-09T08:00:00
198917,52080,227,227,SCREEN 4,hi,2025-06-09T17:00:00,2025-06-09T17:45:00
198917,52080,227,227,SCREEN 4,hi,2025-06-09T13:45:00,2025-06-09T14:30:00
198917,52080,227,222,SCREEN 5,hi,2025-06-09T08:30:00,2025-06-09T09:15:00
198917,52080,227,227,SCREEN 5,hi,2025-06-09T15:00:00,2025-06-09T15:45:00
198917,52080,227,227,SCREEN 5,hi,2025-06-09T11:45:00,2025-06-09T12:30:00
198917,1025661,738,235,Balaji Theatre,hi,2025-06-09T10:30:00,2025-06-09T10:00:00
198917,1025661,738,235,Balaji Theatre,hi,2025-06-09T13:30:00,2025-06-09T13:00:00
198917,115,158,146,AUDI 07,hi,2025-06-09T12:55:00,2025-06-09T12:55:00
198917,115,158,148,AUDI 07,hi,2025-06-09T16:20:00,2025-06-09T16:20:00
198917,115,147,137,AUDI 04,hi,2025-06-09T10:25:00,2025-06-09T10:25:00
198917,115,245,239,AUDI 06,hi,2025-06-09T16:50:00,2025-06-09T16:50:00
198917,115,172,158,AUDI 05,hi,2025-06-09T16:45:00,2025-06-09T16:45:00
198917,115,245,237,AUDI 06,hi,2025-06-09T07:50:00,2025-06-09T07:50:00
198917,115,244,216,AUDI 01,hi,2025-06-09T10:10:00,2025-06-09T10:10:00
198917,115,244,238,AUDI 01,hi,2025-06-09T17:00:00,2025-06-09T17:00:00
198917,115,244,229,AUDI 01,hi,2025-06-09T13:35:00,2025-06-09T13:35:00
198917,115,99,74,AUDI 02,hi,2025-06-09T07:40:00,2025-06-09T07:40:00
198917,55667,601,145,Siddalingeshwara,hi,2025-06-09T16:15:00,2025-06-09T16:10:00
198917,55667,601,145,Siddalingeshwara,hi,2025-06-09T08:30:00,2025-06-09T08:25:00
198917,55667,601,145,Siddalingeshwara,hi,2025-06-09T13:30:00,2025-06-09T13:25:00
198917,7508,135,125,AUDI04,hi,2025-06-09T16:40:00,2025-06-09T16:40:00
198917,7508,136,124,AUDI09,hi,2025-06-09T15:05:00,2025-06-09T15:05:00
198917,7508,136,119,AUDI09,hi,2025-06-09T11:40:00,2025-06-09T11:40:00
198917,7508,136,125,AUDI09,hi,2025-06-09T08:15:00,2025-06-09T08:15:00
198917,7508,108,94,JUNIOR,hi,2025-06-09T09:20:00,2025-06-09T09:20:00
198917,7508,296,278,AUDI02,hi,2025-06-09T10:05:00,2025-06-09T10:05:00
198917,7508,108,93,JUNIOR,hi,2025-06-09T15:10:00,2025-06-09T15:10:00
198917,7508,296,282,AUDI02,hi,2025-06-09T17:00:00,2025-06-09T17:00:00
198917,7508,296,286,AUDI02,hi,2025-06-09T13:30:00,2025-06-09T13:30:00
198917,1011225,500,72,Srinivasa,hi,2025-06-09T12:30:00,2025-06-09T11:30:00
198917,1011225,500,72,Srinivasa,hi,2025-06-09T15:45:00,2025-06-09T14:45:00
198917,47384,995,113,Abhinay,hi,2025-06-09T08:00:00,2025-06-09T07:30:00
198917,47384,995,113,Abhinay,hi,2025-06-09T10:45:00,2025-06-09T10:15:00
198917,47384,995,113,Abhinay,hi,2025-06-09T13:45:00,2025-06-09T13:15:00
198917,47384,995,113,Abhinay,hi,2025-06-09T16:30:00,2025-06-09T16:00:00
198917,1049257,964,129,Vaibhav,hi,2025-06-09T16:30:00,2025-06-09T16:30:00
198917,1049257,964,129,Vaibhav,hi,2025-06-09T10:30:00,2025-06-09T10:30:00
198917,1049257,964,129,Vaibhav,hi,2025-06-09T13:30:00,2025-06-09T13:30:00
198917,1036213,16,16,Screen 3,hi,2025-06-09T08:25:00,2025-06-09T08:50:00
198917,1036213,16,16,Screen 3,hi,2025-06-09T14:00:00,2025-06-09T14:25:00
198917,1036213,16,16,Screen 3,hi,2025-06-09T17:05:00,2025-06-09T17:30:00
198917,1036213,29,29,Screen 4,hi,2025-06-09T11:30:00,2025-06-09T11:55:00
198917,1036213,29,29,Screen 4,hi,2025-06-09T17:25:00,2025-06-09T17:50:00
198917,1036213,29,29,Screen 4,hi,2025-06-09T14:30:00,2025-06-09T14:55:00
198917,10940,352,273,Screen4,hi,2025-06-09T13:00:00,2025-06-09T12:30:00
198917,10940,350,271,Screen1,hi,2025-06-09T16:45:00,2025-06-09T16:15:00
198917,10940,352,276,Screen2,hi,2025-06-09T13:15:00,2025-06-09T12:45:00
198917,10940,352,278,Screen4,hi,2025-06-09T08:00:00,2025-06-09T07:30:00
198917,10940,350,275,Screen1,hi,2025-06-09T10:30:00,2025-06-09T10:00:00
198917,10940,352,276,Screen4,hi,2025-06-09T16:15:00,2025-06-09T15:45:00
198917,925,185,175,SCREEN 4,hi,2025-06-09T10:35:00,2025-06-09T10:35:00
198917,925,272,238,SCREEN 3,hi,2025-06-09T12:40:00,2025-06-09T12:40:00
198917,925,272,253,SCREEN 3,hi,2025-06-09T09:10:00,2025-06-09T09:10:00
198917,925,206,191,SCREEN 2,hi,2025-06-09T16:55:00,2025-06-09T16:55:00
198917,925,206,194,SCREEN 2,hi,2025-06-09T13:25:00,2025-06-09T13:25:00
198917,925,185,173,SCREEN 4,hi,2025-06-09T16:25:00,2025-06-09T16:25:00
198917,128,284,274,AUDI 1,hi,2025-06-09T16:00:00,2025-06-09T16:00:00
198917,128,284,274,AUDI 1,hi,2025-06-09T12:25:00,2025-06-09T12:25:00
198917,128,154,135,AUDI 3,hi,2025-06-09T12:55:00,2025-06-09T12:55:00
198917,128,166,156,AUDI 2,hi,2025-06-09T17:00:00,2025-06-09T17:00:00
198917,128,166,154,AUDI 2,hi,2025-06-09T10:40:00,2025-06-09T10:40:00
198917,128,273,260,AUDI 4,hi,2025-06-09T11:40:00,2025-06-09T11:40:00
198917,128,139,127,AUDI 5,hi,2025-06-09T09:30:00,2025-06-09T09:30:00
198917,128,273,250,AUDI 4,hi,2025-06-09T16:45:00,2025-06-09T16:45:00
198917,128,139,129,AUDI 5,hi,2025-06-09T15:40:00,2025-06-09T15:40:00
198917,128,284,274,AUDI 1,hi,2025-06-09T08:55:00,2025-06-09T08:55:00
198917,56450,135,125,SCREEN 01,hi,2025-06-09T15:15:00,2025-06-09T15:15:00
198917,56450,343,314,SCREEN 05,hi,2025-06-09T13:20:00,2025-06-09T13:20:00
198917,56450,343,326,SCREEN 05,hi,2025-06-09T16:50:00,2025-06-09T16:50:00
198917,56450,343,311,SCREEN 05,hi,2025-06-09T09:50:00,2025-06-09T09:50:00
198917,56450,235,225,SCREEN 06,hi,2025-06-09T12:55:00,2025-06-09T12:55:00
198917,56450,184,174,SCREEN 03,hi,2025-06-09T16:15:00,2025-06-09T16:15:00
198917,56450,235,219,SCREEN 06,hi,2025-06-09T09:25:00,2025-06-09T09:25:00
198917,56450,186,152,SCREEN 04,hi,2025-06-09T07:35:00,2025-06-09T07:35:00
198917,56451,82,67,SCREEN 03,hi,2025-06-09T10:00:00,2025-06-09T10:00:00
198917,56451,94,88,SCREEN 01,hi,2025-06-09T13:15:00,2025-06-09T13:15:00
198917,56451,94,88,SCREEN 01,hi,2025-06-09T16:50:00,2025-06-09T16:50:00
198917,56451,82,76,SCREEN 03,hi,2025-06-09T13:30:00,2025-06-09T13:30:00
198917,56451,82,72,SCREEN 03,hi,2025-06-09T17:00:00,2025-06-09T17:00:00
198917,579,1064,104,Goverdhan,hi,2025-06-09T14:00:00,2025-06-09T13:30:00
198917,579,1064,104,Goverdhan,hi,2025-06-09T16:45:00,2025-06-09T16:15:00
198917,4196,577,156,Vinayaka,hi,2025-06-09T13:30:00,2025-06-09T13:00:00
198917,4196,577,156,Vinayaka,hi,2025-06-09T16:30:00,2025-06-09T16:00:00
198917,9637,235,225,AUDI 5,hi,2025-06-09T09:55:00,2025-06-09T09:55:00
198917,9637,159,145,AUDI 2,hi,2025-06-09T17:00:00,2025-06-09T17:00:00
198917,9637,200,188,AUDI 3,hi,2025-06-09T16:00:00,2025-06-09T16:00:00
198917,9637,226,214,AUDI 6,hi,2025-06-09T13:30:00,2025-06-09T13:30:00
198917,9637,150,140,AUDI 1,hi,2025-06-09T16:15:00,2025-06-09T16:15:00
198917,9637,226,214,AUDI 6,hi,2025-06-09T10:00:00,2025-06-09T10:00:00
198917,1039754,321,316,AUDI 3,hi,2025-06-09T07:45:00,2025-06-09T08:05:00
198917,1039754,321,321,AUDI 3,hi,2025-06-09T11:00:00,2025-06-09T11:20:00
198917,1039754,321,321,AUDI 3,hi,2025-06-09T14:00:00,2025-06-09T14:20:00
198917,1039754,321,321,AUDI 3,hi,2025-06-09T17:00:00,2025-06-09T17:20:00
198917,1039754,210,205,AUDI 4,hi,2025-06-09T09:00:00,2025-06-09T09:20:00
198917,1039754,210,210,AUDI 4,hi,2025-06-09T12:30:00,2025-06-09T12:50:00
198917,1039754,210,210,AUDI 4,hi,2025-06-09T15:45:00,2025-06-09T16:05:00
198917,1026890,596,84,Murali Cinemas,hi,2025-06-09T09:00:00,2025-06-09T08:00:00
198917,1026890,596,84,Murali Cinemas,hi,2025-06-09T16:00:00,2025-06-09T15:00:00
198917,1026890,596,84,Murali Cinemas,hi,2025-06-09T12:30:00,2025-06-09T11:30:00
198917,1049238,505,101,Vaibhav Cinemas,hi,2025-06-09T11:00:00,2025-06-09T11:00:00
198917,1049238,505,101,Vaibhav Cinemas,hi,2025-06-09T14:00:00,2025-06-09T14:00:00
198917,1049238,505,101,Vaibhav Cinemas,hi,2025-06-09T08:00:00,2025-06-09T08:00:00
198917,1039879,635,106,Kamkaya,hi,2025-06-09T11:00:00,2025-06-09T11:45:00
198917,54957,544,89,Vinayaka cinemas,hi,2025-06-09T13:30:00,2025-06-09T12:30:00
198917,54957,544,94,Vinayaka cinemas,hi,2025-06-09T16:15:00,2025-06-09T15:15:00
198917,54957,544,93,Vinayaka cinemas,hi,2025-06-09T10:30:00,2025-06-09T09:30:00
198917,9710,100,20,Audi-1,hi,2025-06-09T12:30:00,2025-06-09T12:00:00
198917,9710,120,20,AUDI-2,hi,2025-06-09T15:30:00,2025-06-09T15:00:00
198917,9710,120,20,AUDI-2,hi,2025-06-09T08:30:00,2025-06-09T08:00:00
198917,1041377,715,80,Roopa,hi,2025-06-09T10:45:00,2025-06-09T11:30:00
198917,1041377,715,80,Roopa,hi,2025-06-09T16:15:00,2025-06-09T17:00:00
198917,52080,227,227,SCREEN 6,hi,2025-06-09T16:15:00,2025-06-09T17:00:00
198917,52080,227,227,SCREEN 6,hi,2025-06-09T13:00:00,2025-06-09T13:45:00
198917,52080,227,227,SCREEN 6,hi,2025-06-09T09:45:00,2025-06-09T10:30:00
198917,52080,227,227,SCREEN 4,hi,2025-06-09T10:30:00,2025-06-09T11:15:00
198917,52080,227,222,SCREEN 4,hi,2025-06-09T07:15:00,2025-06-09T08:00:00
198917,52080,227,227,SCREEN 4,hi,2025-06-09T17:00:00,2025-06-09T17:45:00
198917,52080,227,227,SCREEN 4,hi,2025-06-09T13:45:00,2025-06-09T14:30:00
198917,52080,227,222,SCREEN 5,hi,2025-06-09T08:30:00,2025-06-09T09:15:00
198917,52080,227,227,SCREEN 5,hi,2025-06-09T15:00:00,2025-06-09T15:45:00
198917,52080,227,227,SCREEN 5,hi,2025-06-09T11:45:00,2025-06-09T12:30:00
198917,1025661,738,235,Balaji Theatre,hi,2025-06-09T10:30:00,2025-06-09T10:00:00
198917,1025661,738,235,Balaji Theatre,hi,2025-06-09T13:30:00,2025-06-09T13:00:00
198917,115,158,146,AUDI 07,hi,2025-06-09T12:55:00,2025-06-09T12:55:00
198917,115,158,148,AUDI 07,hi,2025-06-09T16:20:00,2025-06-09T16:20:00
198917,115,147,137,AUDI 04,hi,2025-06-09T10:25:00,2025-06-09T10:25:00
198917,115,245,239,AUDI 06,hi,2025-06-09T16:50:00,2025-06-09T16:50:00
198917,115,172,158,AUDI 05,hi,2025-06-09T16:45:00,2025-06-09T16:45:00
198917,115,245,237,AUDI 06,hi,2025-06-09T07:50:00,2025-06-09T07:50:00
198917,115,244,216,AUDI 01,hi,2025-06-09T10:10:00,2025-06-09T10:10:00
198917,115,244,238,AUDI 01,hi,2025-06-09T17:00:00,2025-06-09T17:00:00
198917,115,244,229,AUDI 01,hi,2025-06-09T13:35:00,2025-06-09T13:35:00
198917,115,99,74,AUDI 02,hi,2025-06-09T07:40:00,2025-06-09T07:40:00
198917,55667,601,145,Siddalingeshwara,hi,2025-06-09T16:15:00,2025-06-09T16:10:00
198917,55667,601,145,Siddalingeshwara,hi,2025-06-09T08:30:00,2025-06-09T08:25:00
198917,55667,601,145,Siddalingeshwara,hi,2025-06-09T13:30:00,2025-06-09T13:25:00
198917,7508,135,125,AUDI04,hi,2025-06-09T16:40:00,2025-06-09T16:40:00
198917,7508,136,124,AUDI09,hi,2025-06-09T15:05:00,2025-06-09T15:05:00
198917,7508,136,119,AUDI09,hi,2025-06-09T11:40:00,2025-06-09T11:40:00
198917,7508,136,125,AUDI09,hi,2025-06-09T08:15:00,2025-06-09T08:15:00
198917,7508,108,94,JUNIOR,hi,2025-06-09T09:20:00,2025-06-09T09:20:00
198917,7508,296,278,AUDI02,hi,2025-06-09T10:05:00,2025-06-09T10:05:00
198917,7508,108,93,JUNIOR,hi,2025-06-09T15:10:00,2025-06-09T15:10:00
198917,7508,296,282,AUDI02,hi,2025-06-09T17:00:00,2025-06-09T17:00:00
198917,7508,296,286,AUDI02,hi,2025-06-09T13:30:00,2025-06-09T13:30:00
198917,1011225,500,72,Srinivasa,hi,2025-06-09T12:30:00,2025-06-09T11:30:00
198917,1011225,500,72,Srinivasa,hi,2025-06-09T15:45:00,2025-06-09T14:45:00
198917,47384,995,113,Abhinay,hi,2025-06-09T08:00:00,2025-06-09T07:30:00
198917,47384,995,113,Abhinay,hi,2025-06-09T10:45:00,2025-06-09T10:15:00
198917,47384,995,113,Abhinay,hi,2025-06-09T13:45:00,2025-06-09T13:15:00
198917,47384,995,113,Abhinay,hi,2025-06-09T16:30:00,2025-06-09T16:00:00
198917,1049257,964,129,Vaibhav,hi,2025-06-09T16:30:00,2025-06-09T16:30:00
198917,1049257,964,129,Vaibhav,hi,2025-06-09T10:30:00,2025-06-09T10:30:00
198917,1049257,964,129,Vaibhav,hi,2025-06-09T13:30:00,2025-06-09T13:30:00
198917,1036213,16,16,Screen 3,hi,2025-06-09T08:25:00,2025-06-09T08:50:00
198917,1036213,16,16,Screen 3,hi,2025-06-09T14:00:00,2025-06-09T14:25:00
198917,1036213,16,16,Screen 3,hi,2025-06-09T17:05:00,2025-06-09T17:30:00
198917,1036213,29,29,Screen 4,hi,2025-06-09T11:30:00,2025-06-09T11:55:00
198917,1036213,29,29,Screen 4,hi,2025-06-09T17:25:00,2025-06-09T17:50:00
198917,1036213,29,29,Screen 4,hi,2025-06-09T14:30:00,2025-06-09T14:55:00
198917,10940,352,273,Screen4,hi,2025-06-09T13:00:00,2025-06-09T12:30:00
198917,10940,350,271,Screen1,hi,2025-06-09T16:45:00,2025-06-09T16:15:00
198917,10940,352,276,Screen2,hi,2025-06-09T13:15:00,2025-06-09T12:45:00
198917,10940,352,278,Screen4,hi,2025-06-09T08:00:00,2025-06-09T07:30:00
198917,10940,350,275,Screen1,hi,2025-06-09T10:30:00,2025-06-09T10:00:00
198917,10940,352,276,Screen4,hi,2025-06-09T16:15:00,2025-06-09T15:45:00
198917,925,185,175,SCREEN 4,hi,2025-06-09T10:35:00,2025-06-09T10:35:00
198917,925,272,238,SCREEN 3,hi,2025-06-09T12:40:00,2025-06-09T12:40:00
198917,925,272,253,SCREEN 3,hi,2025-06-09T09:10:00,2025-06-09T09:10:00
198917,925,206,191,SCREEN 2,hi,2025-06-09T16:55:00,2025-06-09T16:55:00
198917,925,206,194,SCREEN 2,hi,2025-06-09T13:25:00,2025-06-09T13:25:00
198917,925,185,173,SCREEN 4,hi,2025-06-09T16:25:00,2025-06-09T16:25:00
198917,128,284,274,AUDI 1,hi,2025-06-09T16:00:00,2025-06-09T16:00:00
198917,128,284,274,AUDI 1,hi,2025-06-09T12:25:00,2025-06-09T12:25:00
198917,128,154,135,AUDI 3,hi,2025-06-09T12:55:00,2025-06-09T12:55:00
198917,128,166,156,AUDI 2,hi,2025-06-09T17:00:00,2025-06-09T17:00:00
198917,128,166,154,AUDI 2,hi,2025-06-09T10:40:00,2025-06-09T10:40:00
198917,128,273,260,AUDI 4,hi,2025-06-09T11:40:00,2025-06-09T11:40:00
198917,128,139,127,AUDI 5,hi,2025-06-09T09:30:00,2025-06-09T09:30:00
198917,128,273,250,AUDI 4,hi,2025-06-09T16:45:00,2025-06-09T16:45:00
198917,128,139,129,AUDI 5,hi,2025-06-09T15:40:00,2025-06-09T15:40:00
198917,128,284,274,AUDI 1,hi,2025-06-09T08:55:00,2025-06-09T08:55:00
198917,56450,135,125,SCREEN 01,hi,2025-06-09T15:15:00,2025-06-09T15:15:00
198917,56450,343,314,SCREEN 05,hi,2025-06-09T13:20:00,2025-06-09T13:20:00
198917,56450,343,326,SCREEN 05,hi,2025-06-09T16:50:00,2025-06-09T16:50:00
198917,56450,343,311,SCREEN 05,hi,2025-06-09T09:50:00,2025-06-09T09:50:00
198917,56450,235,225,SCREEN 06,hi,2025-06-09T12:55:00,2025-06-09T12:55:00
198917,56450,184,174,SCREEN 03,hi,2025-06-09T16:15:00,2025-06-09T16:15:00
198917,56450,235,219,SCREEN 06,hi,2025-06-09T09:25:00,2025-06-09T09:25:00
198917,56450,186,152,SCREEN 04,hi,2025-06-09T07:35:00,2025-06-09T07:35:00
198917,56451,82,67,SCREEN 03,hi,2025-06-09T10:00:00,2025-06-09T10:00:00
198917,56451,94,88,SCREEN 01,hi,2025-06-09T13:15:00,2025-06-09T13:15:00
198917,56451,94,88,SCREEN 01,hi,2025-06-09T16:50:00,2025-06-09T16:50:00
198917,56451,82,76,SCREEN 03,hi,2025-06-09T13:30:00,2025-06-09T13:30:00
198917,56451,82,72,SCREEN 03,hi,2025-06-09T17:00:00,2025-06-09T17:00:00
198917,579,1064,104,Goverdhan,hi,2025-06-09T14:00:00,2025-06-09T13:30:00
198917,579,1064,104,Goverdhan,hi,2025-06-09T16:45:00,2025-06-09T16:15:00
198917,4196,577,156,Vinayaka,hi,2025-06-09T13:30:00,2025-06-09T13:00:00
198917,4196,577,156,Vinayaka,hi,2025-06-09T16:30:00,2025-06-09T16:00:00
198917,9637,235,225,AUDI 5,hi,2025-06-09T09:55:00,2025-06-09T09:55:00
198917,9637,159,145,AUDI 2,hi,2025-06-09T17:00:00,2025-06-09T17:00:00
198917,9637,200,188,AUDI 3,hi,2025-06-09T16:00:00,2025-06-09T16:00:00
198917,9637,226,214,AUDI 6,hi,2025-06-09T13:30:00,2025-06-09T13:30:00
198917,9637,150,140,AUDI 1,hi,2025-06-09T16:15:00,2025-06-09T16:15:00
198917,9637,226,214,AUDI 6,hi,2025-06-09T10:00:00,2025-06-09T10:00:00
198917,1039754,321,316,AUDI 3,hi,2025-06-09T07:45:00,2025-06-09T08:05:00
198917,1039754,321,321,AUDI 3,hi,2025-06-09T11:00:00,2025-06-09T11:20:00
198917,1039754,321,321,AUDI 3,hi,2025-06-09T14:00:00,2025-06-09T14:20:00
198917,1039754,321,321,AUDI 3,hi,2025-06-09T17:00:00,2025-06-09T17:20:00
198917,1039754,210,205,AUDI 4,hi,2025-06-09T09:00:00,2025-06-09T09:20:00
198917,1039754,210,210,AUDI 4,hi,2025-06-09T12:30:00,2025-06-09T12:50:00
198917,1039754,210,210,AUDI 4,hi,2025-06-09T15:45:00,2025-06-09T16:05:00
198917,1026890,596,84,Murali Cinemas,hi,2025-06-09T09:00:00,2025-06-09T08:00:00
198917,1026890,596,84,Murali Cinemas,hi,2025-06-09T16:00:00,2025-06-09T15:00:00
198917,1026890,596,84,Murali Cinemas,hi,2025-06-09T12:30:00,2025-06-09T11:30:00
198917,1049238,505,101,Vaibhav Cinemas,hi,2025-06-09T11:00:00,2025-06-09T11:00:00
198917,1049238,505,101,Vaibhav Cinemas,hi,2025-06-09T14:00:00,2025-06-09T14:00:00
198917,1049238,505,101,Vaibhav Cinemas,hi,2025-06-09T08:00:00,2025-06-09T08:00:00
198917,1039879,635,106,Kamkaya,hi,2025-06-09T11:00:00,2025-06-09T11:45:00
198917,54957,544,89,Vinayaka cinemas,hi,2025-06-09T13:30:00,2025-06-09T12:30:00
198917,54957,544,94,Vinayaka cinemas,hi,2025-06-09T16:15:00,2025-06-09T15:15:00
198917,54957,544,93,Vinayaka cinemas,hi,2025-06-09T10:30:00,2025-06-09T09:30:00
198917,9710,100,20,Audi-1,hi,2025-06-09T12:30:00,2025-06-09T12:00:00
198917,9710,120,20,AUDI-2,hi,2025-06-09T15:30:00,2025-06-09T15:00:00
198917,9710,120,20,AUDI-2,hi,2025-06-09T08:30:00,2025-06-09T08:00:00
198917,1041377,715,80,Roopa,hi,2025-06-09T10:45:00,2025-06-09T11:30:00
198917,1041377,715,80,Roopa,hi,2025-06-09T16:15:00,2025-06-09T17:00:00
198917,52080,227,227,SCREEN 6,hi,2025-06-09T16:15:00,2025-06-09T17:00:00
198917,52080,227,227,SCREEN 6,hi,2025-06-09T13:00:00,2025-06-09T13:45:00
198917,52080,227,227,SCREEN 6,hi,2025-06-09T09:45:00,2025-06-09T10:30:00
198917,52080,227,227,SCREEN 4,hi,2025-06-09T10:30:00,2025-06-09T11:15:00
198917,52080,227,222,SCREEN 4,hi,2025-06-09T07:15:00,2025-06-09T08:00:00
198917,52080,227,227,SCREEN 4,hi,2025-06-09T17:00:00,2025-06-09T17:45:00
198917,52080,227,227,SCREEN 4,hi,2025-06-09T13:45:00,2025-06-09T14:30:00
198917,52080,227,222,SCREEN 5,hi,2025-06-09T08:30:00,2025-06-09T09:15:00
198917,52080,227,227,SCREEN 5,hi,2025-06-09T15:00:00,2025-06-09T15:45:00
198917,52080,227,227,SCREEN 5,hi,2025-06-09T11:45:00,2025-06-09T12:30:00
198917,1025661,738,235,Balaji Theatre,hi,2025-06-09T10:30:00,2025-06-09T10:00:00
198917,1025661,738,235,Balaji Theatre,hi,2025-06-09T13:30:00,2025-06-09T13:00:00
198917,115,158,146,AUDI 07,hi,2025-06-09T12:55:00,2025-06-09T12:55:00
198917,115,158,148,AUDI 07,hi,2025-06-09T16:20:00,2025-06-09T16:20:00
198917,115,147,137,AUDI 04,hi,2025-06-09T10:25:00,2025-06-09T10:25:00
198917,115,245,239,AUDI 06,hi,2025-06-09T16:50:00,2025-06-09T16:50:00
198917,115,172,158,AUDI 05,hi,2025-06-09T16:45:00,2025-06-09T16:45:00
198917,115,245,237,AUDI 06,hi,2025-06-09T07:50:00,2025-06-09T07:50:00
198917,115,244,216,AUDI 01,hi,2025-06-09T10:10:00,2025-06-09T10:10:00
198917,115,244,238,AUDI 01,hi,2025-06-09T17:00:00,2025-06-09T17:00:00
198917,115,244,229,AUDI 01,hi,2025-06-09T13:35:00,2025-06-09T13:35:00
198917,115,99,74,AUDI 02,hi,2025-06-09T07:40:00,2025-06-09T07:40:00
198917,55667,601,145,Siddalingeshwara,hi,2025-06-09T16:15:00,2025-06-09T16:10:00
198917,55667,601,145,Siddalingeshwara,hi,2025-06-09T08:30:00,2025-06-09T08:25:00
198917,55667,601,145,Siddalingeshwara,hi,2025-06-09T13:30:00,2025-06-09T13:25:00
198917,7508,135,125,AUDI04,hi,2025-06-09T16:40:00,2025-06-09T16:40:00
198917,7508,136,124,AUDI09,hi,2025-06-09T15:05:00,2025-06-09T15:05:00
198917,7508,136,119,AUDI09,hi,2025-06-09T11:40:00,2025-06-09T11:40:00
198917,7508,136,125,AUDI09,hi,2025-06-09T08:15:00,2025-06-09T08:15:00
198917,7508,108,94,JUNIOR,hi,2025-06-09T09:20:00,2025-06-09T09:20:00
198917,7508,296,278,AUDI02,hi,2025-06-09T10:05:00,2025-06-09T10:05:00
198917,7508,108,93,JUNIOR,hi,2025-06-09T15:10:00,2025-06-09T15:10:00
198917,7508,296,282,AUDI02,hi,2025-06-09T17:00:00,2025-06-09T17:00:00
198917,7508,296,286,AUDI02,hi,2025-06-09T13:30:00,2025-06-09T13:30:00
198917,1011225,500,72,Srinivasa,hi,2025-06-09T12:30:00,2025-06-09T11:30:00
198917,1011225,500,72,Srinivasa,hi,2025-06-09T15:45:00,2025-06-09T14:45:00
198917,47384,995,113,Abhinay,hi,2025-06-09T08:00:00,2025-06-09T07:30:00
198917,47384,995,113,Abhinay,hi,2025-06-09T10:45:00,2025-06-09T10:15:00
198917,47384,995,113,Abhinay,hi,2025-06-09T13:45:00,2025-06-09T13:15:00
198917,47384,995,113,Abhinay,hi,2025-06-09T16:30:00,2025-06-09T16:00:00
198917,1049257,964,129,Vaibhav,hi,2025-06-09T16:30:00,2025-06-09T16:30:00
198917,1049257,964,129,Vaibhav,hi,2025-06-09T10:30:00,2025-06-09T10:30:00
198917,1049257,964,129,Vaibhav,hi,2025-06-09T13:30:00,2025-06-09T13:30:00
198917,1036213,16,16,Screen 3,hi,2025-06-09T08:25:00,2025-06-09T08:50:00
198917,1036213,16,16,Screen 3,hi,2025-06-09T14:00:00,2025-06-09T14:25:00
198917,1036213,16,16,Screen 3,hi,2025-06-09T17:05:00,2025-06-09T17:30:00
198917,1036213,29,29,Screen 4,hi,2025-06-09T11:30:00,2025-06-09T11:55:00
198917,1036213,29,29,Screen 4,hi,2025-06-09T17:25:00,2025-06-09T17:50:00
198917,1036213,29,29,Screen 4,hi,2025-06-09T14:30:00,2025-06-09T14:55:00
198917,10940,352,273,Screen4,hi,2025-06-09T13:00:00,2025-06-09T12:30:00
198917,10940,350,271,Screen1,hi,2025-06-09T16:45:00,2025-06-09T16:15:00
198917,10940,352,276,Screen2,hi,2025-06-09T13:15:00,2025-06-09T12:45:00
198917,10940,352,278,Screen4,hi,2025-06-09T08:00:00,2025-06-09T07:30:00
198917,10940,350,275,Screen1,hi,2025-06-09T10:30:00,2025-06-09T10:00:00
198917,10940,352,276,Screen4,hi,2025-06-09T16:15:00,2025-06-09T15:45:00
198917,925,185,175,SCREEN 4,hi,2025-06-09T10:35:00,2025-06-09T10:35:00
198917,925,272,238,SCREEN 3,hi,2025-06-09T12:40:00,2025-06-09T12:40:00
198917,925,272,253,SCREEN 3,hi,2025-06-09T09:10:00,2025-06-09T09:10:00
198917,925,206,191,SCREEN 2,hi,2025-06-09T16:55:00,2025-06-09T16:55:00
198917,925,206,194,SCREEN 2,hi,2025-06-09T13:25:00,2025-06-09T13:25:00
198917,925,185,173,SCREEN 4,hi,2025-06-09T16:25:00,2025-06-09T16:25:00
198917,128,284,274,AUDI 1,hi,2025-06-09T16:00:00,2025-06-09T16:00:00
198917,128,284,274,AUDI 1,hi,2025-06-09T12:25:00,2025-06-09T12:25:00
198917,128,154,135,AUDI 3,hi,2025-06-09T12:55:00,2025-06-09T12:55:00
198917,128,166,156,AUDI 2,hi,2025-06-09T17:00:00,2025-06-09T17:00:00
198917,128,166,154,AUDI 2,hi,2025-06-09T10:40:00,2025-06-09T10:40:00
198917,128,273,260,AUDI 4,hi,2025-06-09T11:40:00,2025-06-09T11:40:00
198917,128,139,127,AUDI 5,hi,2025-06-09T09:30:00,2025-06-09T09:30:00
198917,128,273,250,AUDI 4,hi,2025-06-09T16:45:00,2025-06-09T16:45:00
198917,128,139,129,AUDI 5,hi,2025-06-09T15:40:00,2025-06-09T15:40:00
198917,128,284,274,AUDI 1,hi,2025-06-09T08:55:00,2025-06-09T08:55:00
198917,56450,135,125,SCREEN 01,hi,2025-06-09T15:15:00,2025-06-09T15:15:00
198917,56450,343,314,SCREEN 05,hi,2025-06-09T13:20:00,2025-06-09T13:20:00
198917,56450,343,326,SCREEN 05,hi,2025-06-09T16:50:00,2025-06-09T16:50:00
198917,56450,343,311,SCREEN 05,hi,2025-06-09T09:50:00,2025-06-09T09:50:00
198917,56450,235,225,SCREEN 06,hi,2025-06-09T12:55:00,2025-06-09T12:55:00
198917,56450,184,174,SCREEN 03,hi,2025-06-09T16:15:00,2025-06-09T16:15:00
198917,56450,235,219,SCREEN 06,hi,2025-06-09T09:25:00,2025-06-09T09:25:00
198917,56450,186,152,SCREEN 04,hi,2025-06-09T07:35:00,2025-06-09T07:35:00
198917,56451,82,67,SCREEN 03,hi,2025-06-09T10:00:00,2025-06-09T10:00:00
198917,56451,94,88,SCREEN 01,hi,2025-06-09T13:15:00,2025-06-09T13:15:00
198917,56451,94,88,SCREEN 01,hi,2025-06-09T16:50:00,2025-06-09T16:50:00
198917,56451,82,76,SCREEN 03,hi,2025-06-09T13:30:00,2025-06-09T13:30:00
198917,56451,82,72,SCREEN 03,hi,2025-06-09T17:00:00,2025-06-09T17:00:00
198917,579,1064,104,Goverdhan,hi,2025-06-09T14:00:00,2025-06-09T13:30:00
198917,579,1064,104,Goverdhan,hi,2025-06-09T16:45:00,2025-06-09T16:15:00
198917,4196,577,156,Vinayaka,hi,2025-06-09T13:30:00,2025-06-09T13:00:00
198917,4196,577,156,Vinayaka,hi,2025-06-09T16:30:00,2025-06-09T16:00:00
198917,9637,235,225,AUDI 5,hi,2025-06-09T09:55:00,2025-06-09T09:55:00
198917,9637,159,145,AUDI 2,hi,2025-06-09T17:00:00,2025-06-09T17:00:00
198917,9637,200,188,AUDI 3,hi,2025-06-09T16:00:00,2025-06-09T16:00:00
198917,9637,226,214,AUDI 6,hi,2025-06-09T13:30:00,2025-06-09T13:30:00
198917,9637,150,140,AUDI 1,hi,2025-06-09T16:15:00,2025-06-09T16:15:00
198917,9637,226,214,AUDI 6,hi,2025-06-09T10:00:00,2025-06-09T10:00:00
198917,1039754,321,316,AUDI 3,hi,2025-06-09T07:45:00,2025-06-09T08:05:00
198917,1039754,321,321,AUDI 3,hi,2025-06-09T11:00:00,2025-06-09T11:20:00
198917,1039754,321,321,AUDI 3,hi,2025-06-09T14:00:00,2025-06-09T14:20:00
198917,1039754,321,321,AUDI 3,hi,2025-06-09T17:00:00,2025-06-09T17:20:00
198917,1039754,210,205,AUDI 4,hi,2025-06-09T09:00:00,2025-06-09T09:20:00
198917,1039754,210,210,AUDI 4,hi,2025-06-09T12:30:00,2025-06-09T12:50:00
198917,1039754,210,210,AUDI 4,hi,2025-06-09T15:45:00,2025-06-09T16:05:00
198917,1026890,596,84,Murali Cinemas,hi,2025-06-09T09:00:00,2025-06-09T08:00:00
198917,1026890,596,84,Murali Cinemas,hi,2025-06-09T16:00:00,2025-06-09T15:00:00
198917,1026890,596,84,Murali Cinemas,hi,2025-06-09T12:30:00,2025-06-09T11:30:00
198917,1049238,505,101,Vaibhav Cinemas,hi,2025-06-09T11:00:00,2025-06-09T11:00:00
198917,1049238,505,101,Vaibhav Cinemas,hi,2025-06-09T14:00:00,2025-06-09T14:00:00
198917,1049238,505,101,Vaibhav Cinemas,hi,2025-06-09T08:00:00,2025-06-09T08:00:00
198917,1039879,635,106,Kamkaya,hi,2025-06-09T11:00:00,2025-06-09T11:45:00
198917,54957,544,89,Vinayaka cinemas,hi,2025-06-09T13:30:00,2025-06-09T12:30:00
198917,54957,544,94,Vinayaka cinemas,hi,2025-06-09T16:15:00,2025-06-09T15:15:00
198917,54957,544,93,Vinayaka cinemas,hi,2025-06-09T10:30:00,2025-06-09T09:30:00
198917,9710,100,20,Audi-1,hi,2025-06-09T12:30:00,2025-06-09T12:00:00
198917,9710,120,20,AUDI-2,hi,2025-06-09T15:30:00,2025-06-09T15:00:00
198917,9710,120,20,AUDI-2,hi,2025-06-09T08:30:00,2025-06-09T08:00:00
198917,1041377,715,80,Roopa,hi,2025-06-09T10:45:00,2025-06-09T11:30:00
198917,1041377,715,80,Roopa,hi,2025-06-09T16:15:00,2025-06-09T17:00:00
198917,52080,227,227,SCREEN 6,hi,2025-06-09T16:15:00,2025-06-09T17:00:00
198917,52080,227,227,SCREEN 6,hi,2025-06-09T13:00:00,2025-06-09T13:45:00
198917,52080,227,227,SCREEN 6,hi,2025-06-09T09:45:00,2025-06-09T10:30:00
198917,52080,227,227,SCREEN 4,hi,2025-06-09T10:30:00,2025-06-09T11:15:00
198917,52080,227,222,SCREEN 4,hi,2025-06-09T07:15:00,2025-06-09T08:00:00
198917,52080,227,227,SCREEN 4,hi,2025-06-09T17:00:00,2025-06-09T17:45:00
198917,52080,227,227,SCREEN 4,hi,2025-06-09T13:45:00,2025-06-09T14:30:00
198917,52080,227,222,SCREEN 5,hi,2025-06-09T08:30:00,2025-06-09T09:15:00
198917,52080,227,227,SCREEN 5,hi,2025-06-09T15:00:00,2025-06-09T15:45:00
198917,52080,227,227,SCREEN 5,hi,2025-06-09T11:45:00,2025-06-09T12:30:00
198917,1025661,738,235,Balaji Theatre,hi,2025-06-09T10:30:00,2025-06-09T10:00:00
198917,1025661,738,235,Balaji Theatre,hi,2025-06-09T13:30:00,2025-06-09T13:00:00
198917,115,158,146,AUDI 07,hi,2025-06-09T12:55:00,2025-06-09T12:55:00
198917,115,158,148,AUDI 07,hi,2025-06-09T16:20:00,2025-06-09T16:20:00
198917,115,147,137,AUDI 04,hi,2025-06-09T10:25:00,2025-06-09T10:25:00
198917,115,245,239,AUDI 06,hi,2025-06-09T16:50:00,2025-06-09T16:50:00
198917,115,172,158,AUDI 05,hi,2025-06-09T16:45:00,2025-06-09T16:45:00
198917,115,245,237,AUDI 06,hi,2025-06-09T07:50:00,2025-06-09T07:50:00
198917,115,244,216,AUDI 01,hi,2025-06-09T10:10:00,2025-06-09T10:10:00
198917,115,244,238,AUDI 01,hi,2025-06-09T17:00:00,2025-06-09T17:00:00
198917,115,244,229,AUDI 01,hi,2025-06-09T13:35:00,2025-06-09T13:35:00
198917,115,99,74,AUDI 02,hi,2025-06-09T07:40:00,2025-06-09T07:40:00
198917,55667,601,145,Siddalingeshwara,hi,2025-06-09T16:15:00,2025-06-09T16:10:00
198917,55667,601,145,Siddalingeshwara,hi,2025-06-09T08:30:00,2025-06-09T08:25:00
198917,55667,601,145,Siddalingeshwara,hi,2025-06-09T13:30:00,2025-06-09T13:25:00
198917,7508,135,125,AUDI04,hi,2025-06-09T16:40:00,2025-06-09T16:40:00
198917,7508,136,124,AUDI09,hi,2025-06-09T15:05:00,2025-06-09T15:05:00
198917,7508,136,119,AUDI09,hi,2025-06-09T11:40:00,2025-06-09T11:40:00
198917,7508,136,125,AUDI09,hi,2025-06-09T08:15:00,2025-06-09T08:15:00
198917,7508,108,94,JUNIOR,hi,2025-06-09T09:20:00,2025-06-09T09:20:00
198917,7508,296,278,AUDI02,hi,2025-06-09T10:05:00,2025-06-09T10:05:00
198917,7508,108,93,JUNIOR,hi,2025-06-09T15:10:00,2025-06-09T15:10:00
198917,7508,296,282,AUDI02,hi,2025-06-09T17:00:00,2025-06-09T17:00:00
198917,7508,296,286,AUDI02,hi,2025-06-09T13:30:00,2025-06-09T13:30:00
198917,1011225,500,72,Srinivasa,hi,2025-06-09T12:30:00,2025-06-09T11:30:00
198917,1011225,500,72,Srinivasa,hi,2025-06-09T15:45:00,2025-06-09T14:45:00
198917,47384,995,113,Abhinay,hi,2025-06-09T08:00:00,2025-06-09T07:30:00
198917,47384,995,113,Abhinay,hi,2025-06-09T10:45:00,2025-06-09T10:15:00
198917,47384,995,113,Abhinay,hi,2025-06-09T13:45:00,2025-06-09T13:15:00
198917,47384,995,113,Abhinay,hi,2025-06-09T16:30:00,2025-06-09T16:00:00
198917,1049257,964,129,Vaibhav,hi,2025-06-09T16:30:00,2025-06-09T16:30:00
198917,1049257,964,129,Vaibhav,hi,2025-06-09T10:30:00,2025-06-09T10:30:00
198917,1049257,964,129,Vaibhav,hi,2025-06-09T13:30:00,2025-06-09T13:30:00
198917,1036213,16,16,Screen 3,hi,2025-06-09T08:25:00,2025-06-09T08:50:00
198917,1036213,16,16,Screen 3,hi,2025-06-09T14:00:00,2025-06-09T14:25:00
198917,1036213,16,16,Screen 3,hi,2025-06-09T17:05:00,2025-06-09T17:30:00
198917,1036213,29,29,Screen 4,hi,2025-06-09T11:30:00,2025-06-09T11:55:00
198917,1036213,29,29,Screen 4,hi,2025-06-09T17:25:00,2025-06-09T17:50:00
198917,1036213,29,29,Screen 4,hi,2025-06-09T14:30:00,2025-06-09T14:55:00
198917,10940,352,273,Screen4,hi,2025-06-09T13:00:00,2025-06-09T12:30:00
198917,10940,350,271,Screen1,hi,2025-06-09T16:45:00,2025-06-09T16:15:00
198917,10940,352,276,Screen2,hi,2025-06-09T13:15:00,2025-06-09T12:45:00
198917,10940,352,278,Screen4,hi,2025-06-09T08:00:00,2025-06-09T07:30:00
198917,10940,350,275,Screen1,hi,2025-06-09T10:30:00,2025-06-09T10:00:00
198917,10940,352,276,Screen4,hi,2025-06-09T16:15:00,2025-06-09T15:45:00
198917,925,185,175,SCREEN 4,hi,2025-06-09T10:35:00,2025-06-09T10:35:00
198917,925,272,238,SCREEN 3,hi,2025-06-09T12:40:00,2025-06-09T12:40:00
198917,925,272,253,SCREEN 3,hi,2025-06-09T09:10:00,2025-06-09T09:10:00
198917,925,206,191,SCREEN 2,hi,2025-06-09T16:55:00,2025-06-09T16:55:00
198917,925,206,194,SCREEN 2,hi,2025-06-09T13:25:00,2025-06-09T13:25:00
198917,925,185,173,SCREEN 4,hi,2025-06-09T16:25:00,2025-06-09T16:25:00
198948,56450,184,163,SCREEN 03,kn,2025-06-09T07:40:00,2025-06-09T07:40:00
198948,579,1064,104,Goverdhan,kn,2025-06-09T11:00:00,2025-06-09T10:30:00
198948,579,1064,104,Goverdhan,kn,2025-06-09T08:00:00,2025-06-09T07:30:00
198948,1052276,707,119,Veerabhadreshwara  Theatre,kn,2025-06-09T16:30:00,2025-06-09T15:30:00
198948,1052276,707,119,Veerabhadreshwara  Theatre,kn,2025-06-09T13:45:00,2025-06-09T12:45:00
198948,1052276,707,119,Veerabhadreshwara  Theatre,kn,2025-06-09T10:45:00,2025-06-09T09:45:00
198948,1039754,150,148,AUDI 1,kn,2025-06-09T08:15:00,2025-06-09T08:35:00
198948,1054709,618,397,Sri Narayani,kn,2025-06-09T07:30:00,2025-06-09T07:30:00
198948,1054709,618,434,Sri Narayani,kn,2025-06-09T10:30:00,2025-06-09T10:30:00
198948,1054709,618,434,Sri Narayani,kn,2025-06-09T13:30:00,2025-06-09T13:30:00
198948,1039879,635,106,Kamkaya,kn,2025-06-09T16:30:00,2025-06-09T17:15:00
198948,1039879,635,106,Kamkaya,kn,2025-06-09T14:00:00,2025-06-09T14:45:00
198948,1039879,635,106,Kamkaya,kn,2025-06-09T08:10:00,2025-06-09T08:55:00
198948,11981,578,106,Lakshmi,kn,2025-06-09T14:00:00,2025-06-09T13:15:00
198948,11981,578,106,Lakshmi,kn,2025-06-09T11:00:00,2025-06-09T10:15:00
198948,9710,100,20,Audi-1,kn,2025-06-09T15:30:00,2025-06-09T15:00:00
198948,9710,120,20,AUDI-2,kn,2025-06-09T12:30:00,2025-06-09T12:00:00
198948,9710,100,20,Audi-1,kn,2025-06-09T08:30:00,2025-06-09T08:00:00
198948,1041377,715,80,Roopa,kn,2025-06-09T08:00:00,2025-06-09T08:45:00
198948,1041377,715,80,Roopa,kn,2025-06-09T13:45:00,2025-06-09T14:30:00
198948,9487,290,272,Screen 2,kn,2025-06-09T10:30:00,2025-06-09T10:30:00
198948,9487,290,272,Screen 2,kn,2025-06-09T13:30:00,2025-06-09T13:30:00
198948,52080,196,193,SCREEN 2,kn,2025-06-09T09:30:00,2025-06-09T10:15:00
198948,52080,196,193,SCREEN 2,kn,2025-06-09T16:00:00,2025-06-09T16:45:00
198948,52080,179,177,SCREEN 1,kn,2025-06-09T13:00:00,2025-06-09T13:45:00
198948,52080,179,153,SCREEN 1,kn,2025-06-09T07:30:00,2025-06-09T08:15:00
198948,115,115,92,AUDI 03,kn,2025-06-09T07:40:00,2025-06-09T07:40:00
198948,115,115,103,AUDI 03,kn,2025-06-09T10:40:00,2025-06-09T10:40:00
198948,1011225,500,72,Srinivasa,kn,2025-06-09T08:30:00,2025-06-09T07:30:00
198948,1049257,964,129,Vaibhav,kn,2025-06-09T08:00:00,2025-06-09T08:00:00
198948,1050668,339,58,GowriShankar,kn,2025-06-09T12:00:00,2025-06-09T12:00:00
198948,1050668,339,58,GowriShankar,kn,2025-06-09T08:00:00,2025-06-09T08:00:00
198948,1050668,339,58,GowriShankar,kn,2025-06-09T15:00:00,2025-06-09T15:00:00
198948,56450,184,163,SCREEN 03,kn,2025-06-09T07:40:00,2025-06-09T07:40:00
198948,579,1064,104,Goverdhan,kn,2025-06-09T11:00:00,2025-06-09T10:30:00
198948,579,1064,104,Goverdhan,kn,2025-06-09T08:00:00,2025-06-09T07:30:00
198948,1052276,707,119,Veerabhadreshwara  Theatre,kn,2025-06-09T16:30:00,2025-06-09T15:30:00
198948,1052276,707,119,Veerabhadreshwara  Theatre,kn,2025-06-09T13:45:00,2025-06-09T12:45:00
198948,1052276,707,119,Veerabhadreshwara  Theatre,kn,2025-06-09T10:45:00,2025-06-09T09:45:00
198948,1039754,150,148,AUDI 1,kn,2025-06-09T08:15:00,2025-06-09T08:35:00
198948,1054709,618,397,Sri Narayani,kn,2025-06-09T07:30:00,2025-06-09T07:30:00
198948,1054709,618,434,Sri Narayani,kn,2025-06-09T10:30:00,2025-06-09T10:30:00
198948,1054709,618,434,Sri Narayani,kn,2025-06-09T13:30:00,2025-06-09T13:30:00
198948,1039879,635,106,Kamkaya,kn,2025-06-09T16:30:00,2025-06-09T17:15:00
198948,1039879,635,106,Kamkaya,kn,2025-06-09T14:00:00,2025-06-09T14:45:00
198948,1039879,635,106,Kamkaya,kn,2025-06-09T08:10:00,2025-06-09T08:55:00
198948,11981,578,106,Lakshmi,kn,2025-06-09T14:00:00,2025-06-09T13:15:00
198948,11981,578,106,Lakshmi,kn,2025-06-09T11:00:00,2025-06-09T10:15:00
198948,9710,100,20,Audi-1,kn,2025-06-09T15:30:00,2025-06-09T15:00:00
198948,9710,120,20,AUDI-2,kn,2025-06-09T12:30:00,2025-06-09T12:00:00
198948,9710,100,20,Audi-1,kn,2025-06-09T08:30:00,2025-06-09T08:00:00
198948,1041377,715,80,Roopa,kn,2025-06-09T08:00:00,2025-06-09T08:45:00
198948,1041377,715,80,Roopa,kn,2025-06-09T13:45:00,2025-06-09T14:30:00
198948,9487,290,272,Screen 2,kn,2025-06-09T10:30:00,2025-06-09T10:30:00
198948,9487,290,272,Screen 2,kn,2025-06-09T13:30:00,2025-06-09T13:30:00
198948,52080,196,193,SCREEN 2,kn,2025-06-09T09:30:00,2025-06-09T10:15:00
198948,52080,196,193,SCREEN 2,kn,2025-06-09T16:00:00,2025-06-09T16:45:00
198948,52080,179,177,SCREEN 1,kn,2025-06-09T13:00:00,2025-06-09T13:45:00
198948,52080,179,153,SCREEN 1,kn,2025-06-09T07:30:00,2025-06-09T08:15:00
198948,115,115,92,AUDI 03,kn,2025-06-09T07:40:00,2025-06-09T07:40:00
198948,115,115,103,AUDI 03,kn,2025-06-09T10:40:00,2025-06-09T10:40:00
198948,1011225,500,72,Srinivasa,kn,2025-06-09T08:30:00,2025-06-09T07:30:00
198948,1049257,964,129,Vaibhav,kn,2025-06-09T08:00:00,2025-06-09T08:00:00
198948,1050668,339,58,GowriShankar,kn,2025-06-09T12:00:00,2025-06-09T12:00:00
198948,1050668,339,58,GowriShankar,kn,2025-06-09T08:00:00,2025-06-09T08:00:00
198948,1050668,339,58,GowriShankar,kn,2025-06-09T15:00:00,2025-06-09T15:00:00
198948,56450,184,163,SCREEN 03,kn,2025-06-09T07:40:00,2025-06-09T07:40:00
198948,579,1064,104,Goverdhan,kn,2025-06-09T11:00:00,2025-06-09T10:30:00
198948,579,1064,104,Goverdhan,kn,2025-06-09T08:00:00,2025-06-09T07:30:00
198948,1052276,707,119,Veerabhadreshwara  Theatre,kn,2025-06-09T16:30:00,2025-06-09T15:30:00
198948,1052276,707,119,Veerabhadreshwara  Theatre,kn,2025-06-09T13:45:00,2025-06-09T12:45:00
198948,1052276,707,119,Veerabhadreshwara  Theatre,kn,2025-06-09T10:45:00,2025-06-09T09:45:00
198948,1039754,150,148,AUDI 1,kn,2025-06-09T08:15:00,2025-06-09T08:35:00
198948,1054709,618,397,Sri Narayani,kn,2025-06-09T07:30:00,2025-06-09T07:30:00
198948,1054709,618,434,Sri Narayani,kn,2025-06-09T10:30:00,2025-06-09T10:30:00
198948,1054709,618,434,Sri Narayani,kn,2025-06-09T13:30:00,2025-06-09T13:30:00
198948,1039879,635,106,Kamkaya,kn,2025-06-09T16:30:00,2025-06-09T17:15:00
198948,1039879,635,106,Kamkaya,kn,2025-06-09T14:00:00,2025-06-09T14:45:00
198948,1039879,635,106,Kamkaya,kn,2025-06-09T08:10:00,2025-06-09T08:55:00
198948,11981,578,106,Lakshmi,kn,2025-06-09T14:00:00,2025-06-09T13:15:00
198948,11981,578,106,Lakshmi,kn,2025-06-09T11:00:00,2025-06-09T10:15:00
198948,9710,100,20,Audi-1,kn,2025-06-09T15:30:00,2025-06-09T15:00:00
198948,9710,120,20,AUDI-2,kn,2025-06-09T12:30:00,2025-06-09T12:00:00
198948,9710,100,20,Audi-1,kn,2025-06-09T08:30:00,2025-06-09T08:00:00
198948,1041377,715,80,Roopa,kn,2025-06-09T08:00:00,2025-06-09T08:45:00
198948,1041377,715,80,Roopa,kn,2025-06-09T13:45:00,2025-06-09T14:30:00
198948,9487,290,272,Screen 2,kn,2025-06-09T10:30:00,2025-06-09T10:30:00
198948,9487,290,272,Screen 2,kn,2025-06-09T13:30:00,2025-06-09T13:30:00
198948,52080,196,193,SCREEN 2,kn,2025-06-09T09:30:00,2025-06-09T10:15:00
198948,52080,196,193,SCREEN 2,kn,2025-06-09T16:00:00,2025-06-09T16:45:00
198948,52080,179,177,SCREEN 1,kn,2025-06-09T13:00:00,2025-06-09T13:45:00
198948,52080,179,153,SCREEN 1,kn,2025-06-09T07:30:00,2025-06-09T08:15:00
198948,115,115,92,AUDI 03,kn,2025-06-09T07:40:00,2025-06-09T07:40:00
198948,115,115,103,AUDI 03,kn,2025-06-09T10:40:00,2025-06-09T10:40:00
198948,1011225,500,72,Srinivasa,kn,2025-06-09T08:30:00,2025-06-09T07:30:00
198948,1049257,964,129,Vaibhav,kn,2025-06-09T08:00:00,2025-06-09T08:00:00
198948,1050668,339,58,GowriShankar,kn,2025-06-09T12:00:00,2025-06-09T12:00:00
198948,1050668,339,58,GowriShankar,kn,2025-06-09T08:00:00,2025-06-09T08:00:00
198948,1050668,339,58,GowriShankar,kn,2025-06-09T15:00:00,2025-06-09T15:00:00
198948,56450,184,163,SCREEN 03,kn,2025-06-09T07:40:00,2025-06-09T07:40:00
198948,579,1064,104,Goverdhan,kn,2025-06-09T11:00:00,2025-06-09T10:30:00
198948,579,1064,104,Goverdhan,kn,2025-06-09T08:00:00,2025-06-09T07:30:00
198948,1052276,707,119,Veerabhadreshwara  Theatre,kn,2025-06-09T16:30:00,2025-06-09T15:30:00
198948,1052276,707,119,Veerabhadreshwara  Theatre,kn,2025-06-09T13:45:00,2025-06-09T12:45:00
198948,1052276,707,119,Veerabhadreshwara  Theatre,kn,2025-06-09T10:45:00,2025-06-09T09:45:00
198948,1039754,150,148,AUDI 1,kn,2025-06-09T08:15:00,2025-06-09T08:35:00
198948,1054709,618,397,Sri Narayani,kn,2025-06-09T07:30:00,2025-06-09T07:30:00
198948,1054709,618,434,Sri Narayani,kn,2025-06-09T10:30:00,2025-06-09T10:30:00
198948,1054709,618,434,Sri Narayani,kn,2025-06-09T13:30:00,2025-06-09T13:30:00
198948,1039879,635,106,Kamkaya,kn,2025-06-09T16:30:00,2025-06-09T17:15:00
198948,1039879,635,106,Kamkaya,kn,2025-06-09T14:00:00,2025-06-09T14:45:00
198948,1039879,635,106,Kamkaya,kn,2025-06-09T08:10:00,2025-06-09T08:55:00
198948,11981,578,106,Lakshmi,kn,2025-06-09T14:00:00,2025-06-09T13:15:00
198948,11981,578,106,Lakshmi,kn,2025-06-09T11:00:00,2025-06-09T10:15:00
198948,9710,100,20,Audi-1,kn,2025-06-09T15:30:00,2025-06-09T15:00:00
198948,9710,120,20,AUDI-2,kn,2025-06-09T12:30:00,2025-06-09T12:00:00
198948,9710,100,20,Audi-1,kn,2025-06-09T08:30:00,2025-06-09T08:00:00
198948,1041377,715,80,Roopa,kn,2025-06-09T08:00:00,2025-06-09T08:45:00
198948,1041377,715,80,Roopa,kn,2025-06-09T13:45:00,2025-06-09T14:30:00
198948,9487,290,272,Screen 2,kn,2025-06-09T10:30:00,2025-06-09T10:30:00
198948,9487,290,272,Screen 2,kn,2025-06-09T13:30:00,2025-06-09T13:30:00
198948,52080,196,193,SCREEN 2,kn,2025-06-09T09:30:00,2025-06-09T10:15:00
198948,52080,196,193,SCREEN 2,kn,2025-06-09T16:00:00,2025-06-09T16:45:00
198948,52080,179,177,SCREEN 1,kn,2025-06-09T13:00:00,2025-06-09T13:45:00
198948,52080,179,153,SCREEN 1,kn,2025-06-09T07:30:00,2025-06-09T08:15:00
198948,115,115,92,AUDI 03,kn,2025-06-09T07:40:00,2025-06-09T07:40:00
198948,115,115,103,AUDI 03,kn,2025-06-09T10:40:00,2025-06-09T10:40:00
198948,1011225,500,72,Srinivasa,kn,2025-06-09T08:30:00,2025-06-09T07:30:00
198948,1049257,964,129,Vaibhav,kn,2025-06-09T08:00:00,2025-06-09T08:00:00
198948,1050668,339,58,GowriShankar,kn,2025-06-09T12:00:00,2025-06-09T12:00:00
198948,1050668,339,58,GowriShankar,kn,2025-06-09T08:00:00,2025-06-09T08:00:00
198948,1050668,339,58,GowriShankar,kn,2025-06-09T15:00:00,2025-06-09T15:00:00
183911,56450,277,267,MACRO XE,en,2025-06-13T16:50:00,2025-06-13T16:50:00
183911,56450,277,267,MACRO XE,en,2025-06-13T11:30:00,2025-06-13T11:30:00
183911,56450,277,267,MACRO XE,en,2025-06-13T14:10:00,2025-06-13T14:10:00
183911,56450,277,267,MACRO XE,en,2025-06-13T06:10:00,2025-06-13T06:10:00
183911,56450,277,267,MACRO XE,en,2025-06-13T08:50:00,2025-06-13T08:50:00
183911,56450,277,263,MACRO XE,en,2025-06-13T03:30:00,2025-06-13T03:30:00
183911,115,245,239,AUDI 06,en,2025-06-13T06:20:00,2025-06-13T06:20:00
183911,115,245,239,AUDI 06,en,2025-06-13T11:40:00,2025-06-13T11:40:00
183911,115,245,239,AUDI 06,en,2025-06-13T09:00:00,2025-06-13T09:00:00
183911,115,245,239,AUDI 06,en,2025-06-13T17:00:00,2025-06-13T17:00:00
183911,115,245,239,AUDI 06,en,2025-06-13T14:20:00,2025-06-13T14:20:00
183911,115,245,239,AUDI 06,en,2025-06-13T04:00:00,2025-06-13T04:00:00
183911,56451,94,88,SCREEN 01,en,2025-06-13T05:00:00,2025-06-13T05:00:00
183911,56451,94,88,SCREEN 01,en,2025-06-13T07:45:00,2025-06-13T07:45:00
183911,56451,94,88,SCREEN 01,en,2025-06-13T14:00:00,2025-06-13T14:00:00
183911,56451,94,88,SCREEN 01,en,2025-06-13T16:45:00,2025-06-13T16:45:00
183911,7508,241,223,IMAX,en,2025-06-13T14:05:00,2025-06-13T14:05:00
183911,7508,241,231,IMAX,en,2025-06-13T11:20:00,2025-06-13T11:20:00
183911,7508,241,231,IMAX,en,2025-06-13T08:45:00,2025-06-13T08:45:00
183911,7508,241,231,IMAX,en,2025-06-13T03:30:00,2025-06-13T03:30:00
183911,7508,94,86,4DX,en,2025-06-13T04:30:00,2025-06-13T04:30:00
183911,7508,241,229,IMAX,en,2025-06-13T16:50:00,2025-06-13T16:50:00
183911,7508,241,231,IMAX,en,2025-06-13T06:10:00,2025-06-13T06:10:00
183911,7508,94,86,4DX,en,2025-06-13T16:55:00,2025-06-13T16:55:00
183911,7508,94,86,4DX,en,2025-06-13T10:40:00,2025-06-13T10:40:00
183911,9637,200,190,AUDI 3,en,2025-06-13T11:35:00,2025-06-13T11:35:00
183911,9637,200,190,AUDI 3,en,2025-06-13T14:15:00,2025-06-13T14:15:00
183911,9637,200,190,AUDI 3,en,2025-06-13T03:30:00,2025-06-13T03:30:00
183911,9637,200,190,AUDI 3,en,2025-06-13T06:10:00,2025-06-13T06:10:00
183911,9637,200,190,AUDI 3,en,2025-06-13T08:55:00,2025-06-13T08:55:00
183911,9637,200,190,AUDI 3,en,2025-06-13T17:00:00,2025-06-13T17:00:00
183911,925,272,262,SCREEN 3,en,2025-06-13T06:10:00,2025-06-13T06:10:00
183911,925,272,262,SCREEN 3,en,2025-06-13T03:30:00,2025-06-13T03:30:00
183911,925,272,262,SCREEN 3,en,2025-06-13T11:30:00,2025-06-13T11:30:00
183911,925,272,262,SCREEN 3,en,2025-06-13T08:50:00,2025-06-13T08:50:00
183911,925,272,262,SCREEN 3,en,2025-06-13T16:50:00,2025-06-13T16:50:00
183911,925,272,261,SCREEN 3,en,2025-06-13T14:10:00,2025-06-13T14:10:00
183911,56450,277,267,MACRO XE,en,2025-06-13T16:50:00,2025-06-13T16:50:00
183911,56450,277,267,MACRO XE,en,2025-06-13T11:30:00,2025-06-13T11:30:00
183911,56450,277,267,MACRO XE,en,2025-06-13T14:10:00,2025-06-13T14:10:00
183911,56450,277,267,MACRO XE,en,2025-06-13T06:10:00,2025-06-13T06:10:00
183911,56450,277,267,MACRO XE,en,2025-06-13T08:50:00,2025-06-13T08:50:00
183911,56450,277,263,MACRO XE,en,2025-06-13T03:30:00,2025-06-13T03:30:00
183911,115,245,239,AUDI 06,en,2025-06-13T06:20:00,2025-06-13T06:20:00
183911,115,245,239,AUDI 06,en,2025-06-13T11:40:00,2025-06-13T11:40:00
183911,115,245,239,AUDI 06,en,2025-06-13T09:00:00,2025-06-13T09:00:00
183911,115,245,239,AUDI 06,en,2025-06-13T17:00:00,2025-06-13T17:00:00
183911,115,245,239,AUDI 06,en,2025-06-13T14:20:00,2025-06-13T14:20:00
183911,115,245,239,AUDI 06,en,2025-06-13T04:00:00,2025-06-13T04:00:00
183911,56451,94,88,SCREEN 01,en,2025-06-13T05:00:00,2025-06-13T05:00:00
183911,56451,94,88,SCREEN 01,en,2025-06-13T07:45:00,2025-06-13T07:45:00
183911,56451,94,88,SCREEN 01,en,2025-06-13T14:00:00,2025-06-13T14:00:00
183911,56451,94,88,SCREEN 01,en,2025-06-13T16:45:00,2025-06-13T16:45:00
183911,7508,241,223,IMAX,en,2025-06-13T14:05:00,2025-06-13T14:05:00
183911,7508,241,231,IMAX,en,2025-06-13T11:20:00,2025-06-13T11:20:00
183911,7508,241,231,IMAX,en,2025-06-13T08:45:00,2025-06-13T08:45:00
183911,7508,241,231,IMAX,en,2025-06-13T03:30:00,2025-06-13T03:30:00
183911,7508,94,86,4DX,en,2025-06-13T04:30:00,2025-06-13T04:30:00
183911,7508,241,229,IMAX,en,2025-06-13T16:50:00,2025-06-13T16:50:00
183911,7508,241,231,IMAX,en,2025-06-13T06:10:00,2025-06-13T06:10:00
183911,7508,94,86,4DX,en,2025-06-13T16:55:00,2025-06-13T16:55:00
183911,7508,94,86,4DX,en,2025-06-13T10:40:00,2025-06-13T10:40:00
183911,9637,200,190,AUDI 3,en,2025-06-13T11:35:00,2025-06-13T11:35:00
183911,9637,200,190,AUDI 3,en,2025-06-13T14:15:00,2025-06-13T14:15:00
183911,9637,200,190,AUDI 3,en,2025-06-13T03:30:00,2025-06-13T03:30:00
183911,9637,200,190,AUDI 3,en,2025-06-13T06:10:00,2025-06-13T06:10:00
183911,9637,200,190,AUDI 3,en,2025-06-13T08:55:00,2025-06-13T08:55:00
183911,9637,200,190,AUDI 3,en,2025-06-13T17:00:00,2025-06-13T17:00:00
183911,925,272,262,SCREEN 3,en,2025-06-13T06:10:00,2025-06-13T06:10:00
183911,925,272,262,SCREEN 3,en,2025-06-13T03:30:00,2025-06-13T03:30:00
183911,925,272,262,SCREEN 3,en,2025-06-13T11:30:00,2025-06-13T11:30:00
183911,925,272,262,SCREEN 3,en,2025-06-13T08:50:00,2025-06-13T08:50:00
183911,925,272,262,SCREEN 3,en,2025-06-13T16:50:00,2025-06-13T16:50:00
183911,925,272,261,SCREEN 3,en,2025-06-13T14:10:00,2025-06-13T14:10:00
183911,56450,277,267,MACRO XE,en,2025-06-13T16:50:00,2025-06-13T16:50:00
183911,56450,277,267,MACRO XE,en,2025-06-13T11:30:00,2025-06-13T11:30:00
183911,56450,277,267,MACRO XE,en,2025-06-13T14:10:00,2025-06-13T14:10:00
183911,56450,277,267,MACRO XE,en,2025-06-13T06:10:00,2025-06-13T06:10:00
183911,56450,277,267,MACRO XE,en,2025-06-13T08:50:00,2025-06-13T08:50:00
183911,56450,277,263,MACRO XE,en,2025-06-13T03:30:00,2025-06-13T03:30:00
183911,115,245,239,AUDI 06,en,2025-06-13T06:20:00,2025-06-13T06:20:00
183911,115,245,239,AUDI 06,en,2025-06-13T11:40:00,2025-06-13T11:40:00
183911,115,245,239,AUDI 06,en,2025-06-13T09:00:00,2025-06-13T09:00:00
183911,115,245,239,AUDI 06,en,2025-06-13T17:00:00,2025-06-13T17:00:00
183911,115,245,239,AUDI 06,en,2025-06-13T14:20:00,2025-06-13T14:20:00
183911,115,245,239,AUDI 06,en,2025-06-13T04:00:00,2025-06-13T04:00:00
183911,56451,94,88,SCREEN 01,en,2025-06-13T05:00:00,2025-06-13T05:00:00
183911,56451,94,88,SCREEN 01,en,2025-06-13T07:45:00,2025-06-13T07:45:00
183911,56451,94,88,SCREEN 01,en,2025-06-13T14:00:00,2025-06-13T14:00:00
183911,56451,94,88,SCREEN 01,en,2025-06-13T16:45:00,2025-06-13T16:45:00
183911,7508,241,223,IMAX,en,2025-06-13T14:05:00,2025-06-13T14:05:00
183911,7508,241,231,IMAX,en,2025-06-13T11:20:00,2025-06-13T11:20:00
183911,7508,241,231,IMAX,en,2025-06-13T08:45:00,2025-06-13T08:45:00
183911,7508,241,231,IMAX,en,2025-06-13T03:30:00,2025-06-13T03:30:00
183911,7508,94,86,4DX,en,2025-06-13T04:30:00,2025-06-13T04:30:00
183911,7508,241,229,IMAX,en,2025-06-13T16:50:00,2025-06-13T16:50:00
183911,7508,241,231,IMAX,en,2025-06-13T06:10:00,2025-06-13T06:10:00
183911,7508,94,86,4DX,en,2025-06-13T16:55:00,2025-06-13T16:55:00
183911,7508,94,86,4DX,en,2025-06-13T10:40:00,2025-06-13T10:40:00
183911,9637,200,190,AUDI 3,en,2025-06-13T11:35:00,2025-06-13T11:35:00
183911,9637,200,190,AUDI 3,en,2025-06-13T14:15:00,2025-06-13T14:15:00
183911,9637,200,190,AUDI 3,en,2025-06-13T03:30:00,2025-06-13T03:30:00
183911,9637,200,190,AUDI 3,en,2025-06-13T06:10:00,2025-06-13T06:10:00
183911,9637,200,190,AUDI 3,en,2025-06-13T08:55:00,2025-06-13T08:55:00
183911,9637,200,190,AUDI 3,en,2025-06-13T17:00:00,2025-06-13T17:00:00
183911,925,272,262,SCREEN 3,en,2025-06-13T06:10:00,2025-06-13T06:10:00
183911,925,272,262,SCREEN 3,en,2025-06-13T03:30:00,2025-06-13T03:30:00
183911,925,272,262,SCREEN 3,en,2025-06-13T11:30:00,2025-06-13T11:30:00
183911,925,272,262,SCREEN 3,en,2025-06-13T08:50:00,2025-06-13T08:50:00
183911,925,272,262,SCREEN 3,en,2025-06-13T16:50:00,2025-06-13T16:50:00
183911,925,272,261,SCREEN 3,en,2025-06-13T14:10:00,2025-06-13T14:10:00
166278,128,138,128,AUDI 6,en,2025-06-09T16:45:00,2025-06-09T16:45:00
166278,128,138,128,AUDI 6,en,2025-06-09T13:10:00,2025-06-09T13:10:00
166278,128,138,128,AUDI 6,en,2025-06-09T08:55:00,2025-06-09T08:55:00
166278,52080,227,225,SCREEN 3,en,2025-06-09T16:30:00,2025-06-09T17:15:00
166278,56450,277,265,MACRO XE,en,2025-06-09T16:50:00,2025-06-09T16:50:00
166278,56450,277,262,MACRO XE,en,2025-06-09T10:40:00,2025-06-09T10:40:00
166278,56450,240,228,SCREEN 07,en,2025-06-09T13:25:00,2025-06-09T13:25:00
166278,115,147,137,AUDI 04,en,2025-06-09T16:40:00,2025-06-09T16:40:00
166278,115,172,160,AUDI 05,en,2025-06-09T10:40:00,2025-06-09T10:40:00
166278,115,245,237,AUDI 06,en,2025-06-09T13:25:00,2025-06-09T13:25:00
166278,56451,94,86,SCREEN 02,en,2025-06-09T07:50:00,2025-06-09T07:50:00
166278,7508,94,85,4DX,en,2025-06-09T16:35:00,2025-06-09T16:35:00
166278,7508,164,148,AUDI08,en,2025-06-09T13:15:00,2025-06-09T13:15:00
166278,7508,241,223,IMAX,en,2025-06-09T16:30:00,2025-06-09T16:30:00
166278,7508,241,211,IMAX,en,2025-06-09T13:10:00,2025-06-09T13:10:00
166278,7508,241,222,IMAX,en,2025-06-09T09:35:00,2025-06-09T09:35:00
166278,9637,203,193,AUDI 4,en,2025-06-09T16:30:00,2025-06-09T16:30:00
166278,9637,203,193,AUDI 4,en,2025-06-09T10:10:00,2025-06-09T10:10:00
166278,1039754,201,201,AUDI 2,en,2025-06-09T13:30:00,2025-06-09T13:50:00
166278,1039754,201,201,AUDI 2,en,2025-06-09T16:45:00,2025-06-09T17:05:00
166278,1036213,28,28,Screen 5,en,2025-06-09T14:10:00,2025-06-09T14:35:00
166278,1036213,29,23,Screen 4,en,2025-06-09T08:30:00,2025-06-09T08:55:00
166278,10940,89,77,Screen5,en,2025-06-09T12:45:00,2025-06-09T12:15:00
166278,925,248,234,SCREEN 1,en,2025-06-09T13:10:00,2025-06-09T13:10:00
166278,925,187,175,SCREEN 5,en,2025-06-09T17:00:00,2025-06-09T17:00:00
166278,925,187,177,SCREEN 5,en,2025-06-09T10:20:00,2025-06-09T10:20:00
166278,128,138,128,AUDI 6,en,2025-06-09T16:45:00,2025-06-09T16:45:00
166278,128,138,128,AUDI 6,en,2025-06-09T13:10:00,2025-06-09T13:10:00
166278,128,138,128,AUDI 6,en,2025-06-09T08:55:00,2025-06-09T08:55:00
166278,52080,227,225,SCREEN 3,en,2025-06-09T16:30:00,2025-06-09T17:15:00
166278,56450,277,265,MACRO XE,en,2025-06-09T16:50:00,2025-06-09T16:50:00
166278,56450,277,262,MACRO XE,en,2025-06-09T10:40:00,2025-06-09T10:40:00
166278,56450,240,228,SCREEN 07,en,2025-06-09T13:25:00,2025-06-09T13:25:00
166278,115,147,137,AUDI 04,en,2025-06-09T16:40:00,2025-06-09T16:40:00
166278,115,172,160,AUDI 05,en,2025-06-09T10:40:00,2025-06-09T10:40:00
166278,115,245,237,AUDI 06,en,2025-06-09T13:25:00,2025-06-09T13:25:00
166278,56451,94,86,SCREEN 02,en,2025-06-09T07:50:00,2025-06-09T07:50:00
166278,7508,94,85,4DX,en,2025-06-09T16:35:00,2025-06-09T16:35:00
166278,7508,164,148,AUDI08,en,2025-06-09T13:15:00,2025-06-09T13:15:00
166278,7508,241,223,IMAX,en,2025-06-09T16:30:00,2025-06-09T16:30:00
166278,7508,241,211,IMAX,en,2025-06-09T13:10:00,2025-06-09T13:10:00
166278,7508,241,222,IMAX,en,2025-06-09T09:35:00,2025-06-09T09:35:00
166278,9637,203,193,AUDI 4,en,2025-06-09T16:30:00,2025-06-09T16:30:00
166278,9637,203,193,AUDI 4,en,2025-06-09T10:10:00,2025-06-09T10:10:00
166278,1039754,201,201,AUDI 2,en,2025-06-09T13:30:00,2025-06-09T13:50:00
166278,1039754,201,201,AUDI 2,en,2025-06-09T16:45:00,2025-06-09T17:05:00
166278,1036213,28,28,Screen 5,en,2025-06-09T14:10:00,2025-06-09T14:35:00
166278,1036213,29,23,Screen 4,en,2025-06-09T08:30:00,2025-06-09T08:55:00
166278,10940,89,77,Screen5,en,2025-06-09T12:45:00,2025-06-09T12:15:00
166278,925,248,234,SCREEN 1,en,2025-06-09T13:10:00,2025-06-09T13:10:00
166278,925,187,175,SCREEN 5,en,2025-06-09T17:00:00,2025-06-09T17:00:00
166278,925,187,177,SCREEN 5,en,2025-06-09T10:20:00,2025-06-09T10:20:00
166278,128,138,128,AUDI 6,en,2025-06-09T16:45:00,2025-06-09T16:45:00
166278,128,138,128,AUDI 6,en,2025-06-09T13:10:00,2025-06-09T13:10:00
166278,128,138,128,AUDI 6,en,2025-06-09T08:55:00,2025-06-09T08:55:00
166278,52080,227,225,SCREEN 3,en,2025-06-09T16:30:00,2025-06-09T17:15:00
166278,56450,277,265,MACRO XE,en,2025-06-09T16:50:00,2025-06-09T16:50:00
166278,56450,277,262,MACRO XE,en,2025-06-09T10:40:00,2025-06-09T10:40:00
166278,56450,240,228,SCREEN 07,en,2025-06-09T13:25:00,2025-06-09T13:25:00
166278,115,147,137,AUDI 04,en,2025-06-09T16:40:00,2025-06-09T16:40:00
166278,115,172,160,AUDI 05,en,2025-06-09T10:40:00,2025-06-09T10:40:00
166278,115,245,237,AUDI 06,en,2025-06-09T13:25:00,2025-06-09T13:25:00
166278,56451,94,86,SCREEN 02,en,2025-06-09T07:50:00,2025-06-09T07:50:00
166278,7508,94,85,4DX,en,2025-06-09T16:35:00,2025-06-09T16:35:00
166278,7508,164,148,AUDI08,en,2025-06-09T13:15:00,2025-06-09T13:15:00
166278,7508,241,223,IMAX,en,2025-06-09T16:30:00,2025-06-09T16:30:00
166278,7508,241,211,IMAX,en,2025-06-09T13:10:00,2025-06-09T13:10:00
166278,7508,241,222,IMAX,en,2025-06-09T09:35:00,2025-06-09T09:35:00
166278,9637,203,193,AUDI 4,en,2025-06-09T16:30:00,2025-06-09T16:30:00
166278,9637,203,193,AUDI 4,en,2025-06-09T10:10:00,2025-06-09T10:10:00
166278,1039754,201,201,AUDI 2,en,2025-06-09T13:30:00,2025-06-09T13:50:00
166278,1039754,201,201,AUDI 2,en,2025-06-09T16:45:00,2025-06-09T17:05:00
166278,1036213,28,28,Screen 5,en,2025-06-09T14:10:00,2025-06-09T14:35:00
166278,1036213,29,23,Screen 4,en,2025-06-09T08:30:00,2025-06-09T08:55:00
166278,10940,89,77,Screen5,en,2025-06-09T12:45:00,2025-06-09T12:15:00
166278,925,248,234,SCREEN 1,en,2025-06-09T13:10:00,2025-06-09T13:10:00
166278,925,187,175,SCREEN 5,en,2025-06-09T17:00:00,2025-06-09T17:00:00
166278,925,187,177,SCREEN 5,en,2025-06-09T10:20:00,2025-06-09T10:20:00
166278,128,138,128,AUDI 6,en,2025-06-09T16:45:00,2025-06-09T16:45:00
166278,128,138,128,AUDI 6,en,2025-06-09T13:10:00,2025-06-09T13:10:00
166278,128,138,128,AUDI 6,en,2025-06-09T08:55:00,2025-06-09T08:55:00
166278,52080,227,225,SCREEN 3,en,2025-06-09T16:30:00,2025-06-09T17:15:00
166278,56450,277,265,MACRO XE,en,2025-06-09T16:50:00,2025-06-09T16:50:00
166278,56450,277,262,MACRO XE,en,2025-06-09T10:40:00,2025-06-09T10:40:00
166278,56450,240,228,SCREEN 07,en,2025-06-09T13:25:00,2025-06-09T13:25:00
166278,115,147,137,AUDI 04,en,2025-06-09T16:40:00,2025-06-09T16:40:00
166278,115,172,160,AUDI 05,en,2025-06-09T10:40:00,2025-06-09T10:40:00
166278,115,245,237,AUDI 06,en,2025-06-09T13:25:00,2025-06-09T13:25:00
166278,56451,94,86,SCREEN 02,en,2025-06-09T07:50:00,2025-06-09T07:50:00
166278,7508,94,85,4DX,en,2025-06-09T16:35:00,2025-06-09T16:35:00
166278,7508,164,148,AUDI08,en,2025-06-09T13:15:00,2025-06-09T13:15:00
166278,7508,241,223,IMAX,en,2025-06-09T16:30:00,2025-06-09T16:30:00
166278,7508,241,211,IMAX,en,2025-06-09T13:10:00,2025-06-09T13:10:00
166278,7508,241,222,IMAX,en,2025-06-09T09:35:00,2025-06-09T09:35:00
166278,9637,203,193,AUDI 4,en,2025-06-09T16:30:00,2025-06-09T16:30:00
166278,9637,203,193,AUDI 4,en,2025-06-09T10:10:00,2025-06-09T10:10:00
166278,1039754,201,201,AUDI 2,en,2025-06-09T13:30:00,2025-06-09T13:50:00
166278,1039754,201,201,AUDI 2,en,2025-06-09T16:45:00,2025-06-09T17:05:00
166278,1036213,28,28,Screen 5,en,2025-06-09T14:10:00,2025-06-09T14:35:00
166278,1036213,29,23,Screen 4,en,2025-06-09T08:30:00,2025-06-09T08:55:00
166278,10940,89,77,Screen5,en,2025-06-09T12:45:00,2025-06-09T12:15:00
166278,925,248,234,SCREEN 1,en,2025-06-09T13:10:00,2025-06-09T13:10:00
166278,925,187,175,SCREEN 5,en,2025-06-09T17:00:00,2025-06-09T17:00:00
166278,925,187,177,SCREEN 5,en,2025-06-09T10:20:00,2025-06-09T10:20:00
175963,128,154,144,AUDI 3,en,2025-06-09T16:30:00,2025-06-09T16:30:00
175963,128,139,129,AUDI 5,en,2025-06-09T13:00:00,2025-06-09T13:00:00
175963,56450,277,265,MACRO XE,en,2025-06-09T14:15:00,2025-06-09T14:15:00
175963,56450,277,246,MACRO XE,en,2025-06-09T08:05:00,2025-06-09T08:05:00
175963,56450,186,172,SCREEN 04,en,2025-06-09T11:05:00,2025-06-09T11:05:00
175963,115,172,160,AUDI 05,en,2025-06-09T14:15:00,2025-06-09T14:15:00
175963,115,158,139,AUDI 07,en,2025-06-09T08:00:00,2025-06-09T08:00:00
175963,115,99,93,AUDI 02,en,2025-06-09T17:00:00,2025-06-09T17:00:00
175963,56451,94,88,SCREEN 02,en,2025-06-09T16:55:00,2025-06-09T16:55:00
175963,7508,94,78,4DX,en,2025-06-09T14:00:00,2025-06-09T14:00:00
175963,7508,94,82,4DX,en,2025-06-09T11:25:00,2025-06-09T11:25:00
175963,9637,203,198,AUDI 4,en,2025-06-09T07:30:00,2025-06-09T07:30:00
175963,9637,226,216,AUDI 6,en,2025-06-09T17:00:00,2025-06-09T17:00:00
175963,9637,203,193,AUDI 4,en,2025-06-09T13:50:00,2025-06-09T13:50:00
175963,1039754,201,201,AUDI 2,en,2025-06-09T11:15:00,2025-06-09T11:35:00
175963,10940,89,77,Screen5,en,2025-06-09T16:00:00,2025-06-09T15:30:00
175963,10940,89,77,Screen5,en,2025-06-09T10:00:00,2025-06-09T09:30:00
175963,925,272,262,SCREEN 3,en,2025-06-09T16:10:00,2025-06-09T16:10:00
175963,925,187,184,SCREEN 5,en,2025-06-09T07:45:00,2025-06-09T07:45:00
175963,128,154,144,AUDI 3,en,2025-06-09T16:30:00,2025-06-09T16:30:00
175963,128,139,129,AUDI 5,en,2025-06-09T13:00:00,2025-06-09T13:00:00
175963,56450,277,265,MACRO XE,en,2025-06-09T14:15:00,2025-06-09T14:15:00
175963,56450,277,246,MACRO XE,en,2025-06-09T08:05:00,2025-06-09T08:05:00
175963,56450,186,172,SCREEN 04,en,2025-06-09T11:05:00,2025-06-09T11:05:00
175963,115,172,160,AUDI 05,en,2025-06-09T14:15:00,2025-06-09T14:15:00
175963,115,158,139,AUDI 07,en,2025-06-09T08:00:00,2025-06-09T08:00:00
175963,115,99,93,AUDI 02,en,2025-06-09T17:00:00,2025-06-09T17:00:00
175963,56451,94,88,SCREEN 02,en,2025-06-09T16:55:00,2025-06-09T16:55:00
175963,7508,94,78,4DX,en,2025-06-09T14:00:00,2025-06-09T14:00:00
175963,7508,94,82,4DX,en,2025-06-09T11:25:00,2025-06-09T11:25:00
175963,9637,203,198,AUDI 4,en,2025-06-09T07:30:00,2025-06-09T07:30:00
175963,9637,226,216,AUDI 6,en,2025-06-09T17:00:00,2025-06-09T17:00:00
175963,9637,203,193,AUDI 4,en,2025-06-09T13:50:00,2025-06-09T13:50:00
175963,1039754,201,201,AUDI 2,en,2025-06-09T11:15:00,2025-06-09T11:35:00
175963,10940,89,77,Screen5,en,2025-06-09T16:00:00,2025-06-09T15:30:00
175963,10940,89,77,Screen5,en,2025-06-09T10:00:00,2025-06-09T09:30:00
175963,925,272,262,SCREEN 3,en,2025-06-09T16:10:00,2025-06-09T16:10:00
175963,925,187,184,SCREEN 5,en,2025-06-09T07:45:00,2025-06-09T07:45:00
175963,128,154,144,AUDI 3,en,2025-06-09T16:30:00,2025-06-09T16:30:00
175963,128,139,129,AUDI 5,en,2025-06-09T13:00:00,2025-06-09T13:00:00
175963,56450,277,265,MACRO XE,en,2025-06-09T14:15:00,2025-06-09T14:15:00
175963,56450,277,246,MACRO XE,en,2025-06-09T08:05:00,2025-06-09T08:05:00
175963,56450,186,172,SCREEN 04,en,2025-06-09T11:05:00,2025-06-09T11:05:00
175963,115,172,160,AUDI 05,en,2025-06-09T14:15:00,2025-06-09T14:15:00
175963,115,158,139,AUDI 07,en,2025-06-09T08:00:00,2025-06-09T08:00:00
175963,115,99,93,AUDI 02,en,2025-06-09T17:00:00,2025-06-09T17:00:00
175963,56451,94,88,SCREEN 02,en,2025-06-09T16:55:00,2025-06-09T16:55:00
175963,7508,94,78,4DX,en,2025-06-09T14:00:00,2025-06-09T14:00:00
175963,7508,94,82,4DX,en,2025-06-09T11:25:00,2025-06-09T11:25:00
175963,9637,203,198,AUDI 4,en,2025-06-09T07:30:00,2025-06-09T07:30:00
175963,9637,226,216,AUDI 6,en,2025-06-09T17:00:00,2025-06-09T17:00:00
175963,9637,203,193,AUDI 4,en,2025-06-09T13:50:00,2025-06-09T13:50:00
175963,1039754,201,201,AUDI 2,en,2025-06-09T11:15:00,2025-06-09T11:35:00
175963,10940,89,77,Screen5,en,2025-06-09T16:00:00,2025-06-09T15:30:00
175963,10940,89,77,Screen5,en,2025-06-09T10:00:00,2025-06-09T09:30:00
175963,925,272,262,SCREEN 3,en,2025-06-09T16:10:00,2025-06-09T16:10:00
175963,925,187,184,SCREEN 5,en,2025-06-09T07:45:00,2025-06-09T07:45:00
175963,128,154,144,AUDI 3,en,2025-06-09T16:30:00,2025-06-09T16:30:00
175963,128,139,129,AUDI 5,en,2025-06-09T13:00:00,2025-06-09T13:00:00
175963,56450,277,265,MACRO XE,en,2025-06-09T14:15:00,2025-06-09T14:15:00
175963,56450,277,246,MACRO XE,en,2025-06-09T08:05:00,2025-06-09T08:05:00
175963,56450,186,172,SCREEN 04,en,2025-06-09T11:05:00,2025-06-09T11:05:00
175963,115,172,160,AUDI 05,en,2025-06-09T14:15:00,2025-06-09T14:15:00
175963,115,158,139,AUDI 07,en,2025-06-09T08:00:00,2025-06-09T08:00:00
175963,115,99,93,AUDI 02,en,2025-06-09T17:00:00,2025-06-09T17:00:00
175963,56451,94,88,SCREEN 02,en,2025-06-09T16:55:00,2025-06-09T16:55:00
175963,7508,94,78,4DX,en,2025-06-09T14:00:00,2025-06-09T14:00:00
175963,7508,94,82,4DX,en,2025-06-09T11:25:00,2025-06-09T11:25:00
175963,9637,203,198,AUDI 4,en,2025-06-09T07:30:00,2025-06-09T07:30:00
175963,9637,226,216,AUDI 6,en,2025-06-09T17:00:00,2025-06-09T17:00:00
175963,9637,203,193,AUDI 4,en,2025-06-09T13:50:00,2025-06-09T13:50:00
175963,1039754,201,201,AUDI 2,en,2025-06-09T11:15:00,2025-06-09T11:35:00
175963,10940,89,77,Screen5,en,2025-06-09T16:00:00,2025-06-09T15:30:00
175963,10940,89,77,Screen5,en,2025-06-09T10:00:00,2025-06-09T09:30:00
175963,925,272,262,SCREEN 3,en,2025-06-09T16:10:00,2025-06-09T16:10:00
175963,925,187,184,SCREEN 5,en,2025-06-09T07:45:00,2025-06-09T07:45:00
175963,1036213,28,28,Screen 5,hi,2025-06-09T12:00:00,2025-06-09T12:25:00
175963,1036213,28,28,Screen 5,hi,2025-06-09T17:10:00,2025-06-09T17:35:00
175963,1036213,28,28,Screen 5,hi,2025-06-09T12:00:00,2025-06-09T12:25:00
175963,1036213,28,28,Screen 5,hi,2025-06-09T17:10:00,2025-06-09T17:35:00
175963,1036213,28,28,Screen 5,hi,2025-06-09T12:00:00,2025-06-09T12:25:00
175963,1036213,28,28,Screen 5,hi,2025-06-09T17:10:00,2025-06-09T17:35:00
175963,1036213,28,28,Screen 5,hi,2025-06-09T12:00:00,2025-06-09T12:25:00
175963,1036213,28,28,Screen 5,hi,2025-06-09T17:10:00,2025-06-09T17:35:00
190450,128,142,132,AUDI 8,hi,2025-06-09T17:00:00,2025-06-09T17:00:00
190450,128,142,132,AUDI 8,hi,2025-06-09T13:45:00,2025-06-09T13:45:00
190450,128,273,258,AUDI 4,hi,2025-06-09T08:45:00,2025-06-09T08:45:00
190450,56450,240,222,SCREEN 07,hi,2025-06-09T10:40:00,2025-06-09T10:40:00
190450,115,147,132,AUDI 04,hi,2025-06-09T13:55:00,2025-06-09T13:55:00
190450,56451,94,86,SCREEN 02,hi,2025-06-09T14:10:00,2025-06-09T14:10:00
190450,56451,94,88,SCREEN 02,hi,2025-06-09T11:20:00,2025-06-09T11:20:00
190450,7508,143,124,AUDI07,hi,2025-06-09T16:30:00,2025-06-09T16:30:00
190450,7508,139,129,AUDI05,hi,2025-06-09T11:20:00,2025-06-09T11:20:00
190450,9637,200,190,AUDI 3,hi,2025-06-09T10:00:00,2025-06-09T10:00:00
190450,9637,150,138,AUDI 1,hi,2025-06-09T13:25:00,2025-06-09T13:25:00
190450,1036213,15,15,Screen 1,hi,2025-06-09T08:40:00,2025-06-09T09:05:00
190450,1036213,15,15,Screen 2,hi,2025-06-09T14:30:00,2025-06-09T14:55:00
190450,1036213,16,16,Screen 3,hi,2025-06-09T11:25:00,2025-06-09T11:50:00
190450,128,142,132,AUDI 8,hi,2025-06-09T17:00:00,2025-06-09T17:00:00
190450,128,142,132,AUDI 8,hi,2025-06-09T13:45:00,2025-06-09T13:45:00
190450,128,273,258,AUDI 4,hi,2025-06-09T08:45:00,2025-06-09T08:45:00
190450,56450,240,222,SCREEN 07,hi,2025-06-09T10:40:00,2025-06-09T10:40:00
190450,115,147,132,AUDI 04,hi,2025-06-09T13:55:00,2025-06-09T13:55:00
190450,56451,94,86,SCREEN 02,hi,2025-06-09T14:10:00,2025-06-09T14:10:00
190450,56451,94,88,SCREEN 02,hi,2025-06-09T11:20:00,2025-06-09T11:20:00
190450,7508,143,124,AUDI07,hi,2025-06-09T16:30:00,2025-06-09T16:30:00
190450,7508,139,129,AUDI05,hi,2025-06-09T11:20:00,2025-06-09T11:20:00
190450,9637,200,190,AUDI 3,hi,2025-06-09T10:00:00,2025-06-09T10:00:00
190450,9637,150,138,AUDI 1,hi,2025-06-09T13:25:00,2025-06-09T13:25:00
190450,1036213,15,15,Screen 1,hi,2025-06-09T08:40:00,2025-06-09T09:05:00
190450,1036213,15,15,Screen 2,hi,2025-06-09T14:30:00,2025-06-09T14:55:00
190450,1036213,16,16,Screen 3,hi,2025-06-09T11:25:00,2025-06-09T11:50:00
190450,128,142,132,AUDI 8,hi,2025-06-09T17:00:00,2025-06-09T17:00:00
190450,128,142,132,AUDI 8,hi,2025-06-09T13:45:00,2025-06-09T13:45:00
190450,128,273,258,AUDI 4,hi,2025-06-09T08:45:00,2025-06-09T08:45:00
190450,56450,240,222,SCREEN 07,hi,2025-06-09T10:40:00,2025-06-09T10:40:00
190450,115,147,132,AUDI 04,hi,2025-06-09T13:55:00,2025-06-09T13:55:00
190450,56451,94,86,SCREEN 02,hi,2025-06-09T14:10:00,2025-06-09T14:10:00
190450,56451,94,88,SCREEN 02,hi,2025-06-09T11:20:00,2025-06-09T11:20:00
190450,7508,143,124,AUDI07,hi,2025-06-09T16:30:00,2025-06-09T16:30:00
190450,7508,139,129,AUDI05,hi,2025-06-09T11:20:00,2025-06-09T11:20:00
190450,9637,200,190,AUDI 3,hi,2025-06-09T10:00:00,2025-06-09T10:00:00
190450,9637,150,138,AUDI 1,hi,2025-06-09T13:25:00,2025-06-09T13:25:00
190450,1036213,15,15,Screen 1,hi,2025-06-09T08:40:00,2025-06-09T09:05:00
190450,1036213,15,15,Screen 2,hi,2025-06-09T14:30:00,2025-06-09T14:55:00
190450,1036213,16,16,Screen 3,hi,2025-06-09T11:25:00,2025-06-09T11:50:00
190450,128,142,132,AUDI 8,hi,2025-06-09T17:00:00,2025-06-09T17:00:00
190450,128,142,132,AUDI 8,hi,2025-06-09T13:45:00,2025-06-09T13:45:00
190450,128,273,258,AUDI 4,hi,2025-06-09T08:45:00,2025-06-09T08:45:00
190450,56450,240,222,SCREEN 07,hi,2025-06-09T10:40:00,2025-06-09T10:40:00
190450,115,147,132,AUDI 04,hi,2025-06-09T13:55:00,2025-06-09T13:55:00
190450,56451,94,86,SCREEN 02,hi,2025-06-09T14:10:00,2025-06-09T14:10:00
190450,56451,94,88,SCREEN 02,hi,2025-06-09T11:20:00,2025-06-09T11:20:00
190450,7508,143,124,AUDI07,hi,2025-06-09T16:30:00,2025-06-09T16:30:00
190450,7508,139,129,AUDI05,hi,2025-06-09T11:20:00,2025-06-09T11:20:00
190450,9637,200,190,AUDI 3,hi,2025-06-09T10:00:00,2025-06-09T10:00:00
190450,9637,150,138,AUDI 1,hi,2025-06-09T13:25:00,2025-06-09T13:25:00
190450,1036213,15,15,Screen 1,hi,2025-06-09T08:40:00,2025-06-09T09:05:00
190450,1036213,15,15,Screen 2,hi,2025-06-09T14:30:00,2025-06-09T14:55:00
190450,1036213,16,16,Screen 3,hi,2025-06-09T11:25:00,2025-06-09T11:50:00
195610,52080,227,227,SCREEN 3,ml,2025-06-09T13:25:00,2025-06-09T14:10:00
195610,56450,184,174,SCREEN 03,ml,2025-06-09T13:25:00,2025-06-09T13:25:00
195610,1025661,738,235,Balaji Theatre,ml,2025-06-09T16:30:00,2025-06-09T16:00:00
195610,4196,577,156,Vinayaka,ml,2025-06-09T10:45:00,2025-06-09T10:15:00
195610,9637,235,225,AUDI 5,ml,2025-06-09T16:30:00,2025-06-09T16:30:00
195610,9637,235,225,AUDI 5,ml,2025-06-09T13:30:00,2025-06-09T13:30:00
195610,1039754,150,150,AUDI 1,ml,2025-06-09T11:00:00,2025-06-09T11:20:00
195610,9097,774,262,Screen1,ml,2025-06-09T13:30:00,2025-06-09T13:10:00
195610,9097,774,262,Screen1,ml,2025-06-09T10:30:00,2025-06-09T10:10:00
195610,10940,36,29,Screen7,ml,2025-06-09T16:20:00,2025-06-09T15:50:00
195610,925,206,196,SCREEN 2,ml,2025-06-09T10:35:00,2025-06-09T10:35:00
195610,925,248,242,SCREEN 1,ml,2025-06-09T07:35:00,2025-06-09T07:35:00
195610,52080,227,227,SCREEN 3,ml,2025-06-09T13:25:00,2025-06-09T14:10:00
195610,56450,184,174,SCREEN 03,ml,2025-06-09T13:25:00,2025-06-09T13:25:00
195610,1025661,738,235,Balaji Theatre,ml,2025-06-09T16:30:00,2025-06-09T16:00:00
195610,4196,577,156,Vinayaka,ml,2025-06-09T10:45:00,2025-06-09T10:15:00
195610,9637,235,225,AUDI 5,ml,2025-06-09T16:30:00,2025-06-09T16:30:00
195610,9637,235,225,AUDI 5,ml,2025-06-09T13:30:00,2025-06-09T13:30:00
195610,1039754,150,150,AUDI 1,ml,2025-06-09T11:00:00,2025-06-09T11:20:00
195610,9097,774,262,Screen1,ml,2025-06-09T13:30:00,2025-06-09T13:10:00
195610,9097,774,262,Screen1,ml,2025-06-09T10:30:00,2025-06-09T10:10:00
195610,10940,36,29,Screen7,ml,2025-06-09T16:20:00,2025-06-09T15:50:00
195610,925,206,196,SCREEN 2,ml,2025-06-09T10:35:00,2025-06-09T10:35:00
195610,925,248,242,SCREEN 1,ml,2025-06-09T07:35:00,2025-06-09T07:35:00
195610,52080,227,227,SCREEN 3,ml,2025-06-09T13:25:00,2025-06-09T14:10:00
195610,56450,184,174,SCREEN 03,ml,2025-06-09T13:25:00,2025-06-09T13:25:00
195610,1025661,738,235,Balaji Theatre,ml,2025-06-09T16:30:00,2025-06-09T16:00:00
195610,4196,577,156,Vinayaka,ml,2025-06-09T10:45:00,2025-06-09T10:15:00
195610,9637,235,225,AUDI 5,ml,2025-06-09T16:30:00,2025-06-09T16:30:00
195610,9637,235,225,AUDI 5,ml,2025-06-09T13:30:00,2025-06-09T13:30:00
195610,1039754,150,150,AUDI 1,ml,2025-06-09T11:00:00,2025-06-09T11:20:00
195610,9097,774,262,Screen1,ml,2025-06-09T13:30:00,2025-06-09T13:10:00
195610,9097,774,262,Screen1,ml,2025-06-09T10:30:00,2025-06-09T10:10:00
195610,10940,36,29,Screen7,ml,2025-06-09T16:20:00,2025-06-09T15:50:00
195610,925,206,196,SCREEN 2,ml,2025-06-09T10:35:00,2025-06-09T10:35:00
195610,925,248,242,SCREEN 1,ml,2025-06-09T07:35:00,2025-06-09T07:35:00
195610,52080,227,227,SCREEN 3,ml,2025-06-09T13:25:00,2025-06-09T14:10:00
195610,56450,184,174,SCREEN 03,ml,2025-06-09T13:25:00,2025-06-09T13:25:00
195610,1025661,738,235,Balaji Theatre,ml,2025-06-09T16:30:00,2025-06-09T16:00:00
195610,4196,577,156,Vinayaka,ml,2025-06-09T10:45:00,2025-06-09T10:15:00
195610,9637,235,225,AUDI 5,ml,2025-06-09T16:30:00,2025-06-09T16:30:00
195610,9637,235,225,AUDI 5,ml,2025-06-09T13:30:00,2025-06-09T13:30:00
195610,1039754,150,150,AUDI 1,ml,2025-06-09T11:00:00,2025-06-09T11:20:00
195610,9097,774,262,Screen1,ml,2025-06-09T13:30:00,2025-06-09T13:10:00
195610,9097,774,262,Screen1,ml,2025-06-09T10:30:00,2025-06-09T10:10:00
195610,10940,36,29,Screen7,ml,2025-06-09T16:20:00,2025-06-09T15:50:00
195610,925,206,196,SCREEN 2,ml,2025-06-09T10:35:00,2025-06-09T10:35:00
195610,925,248,242,SCREEN 1,ml,2025-06-09T07:35:00,2025-06-09T07:35:00
187371,52080,196,184,SCREEN 2,kn,2025-06-09T07:00:00,2025-06-09T07:45:00
187371,52080,196,196,SCREEN 2,kn,2025-06-09T13:15:00,2025-06-09T14:00:00
187371,4481,992,210,Santosh Theatre,kn,2025-06-09T14:00:00,2025-06-09T13:05:00
187371,4481,992,210,Santosh Theatre,kn,2025-06-09T11:00:00,2025-06-09T10:05:00
187371,56450,184,171,SCREEN 03,kn,2025-06-09T10:40:00,2025-06-09T10:40:00
187371,4522,527,101,Soundarya,kn,2025-06-09T08:00:00,2025-06-09T08:00:00
187371,4522,527,106,Soundarya,kn,2025-06-09T11:00:00,2025-06-09T11:00:00
187371,4522,527,106,Soundarya,kn,2025-06-09T14:00:00,2025-06-09T14:00:00
187371,52080,196,184,SCREEN 2,kn,2025-06-09T07:00:00,2025-06-09T07:45:00
187371,52080,196,196,SCREEN 2,kn,2025-06-09T13:15:00,2025-06-09T14:00:00
187371,4481,992,210,Santosh Theatre,kn,2025-06-09T14:00:00,2025-06-09T13:05:00
187371,4481,992,210,Santosh Theatre,kn,2025-06-09T11:00:00,2025-06-09T10:05:00
187371,56450,184,171,SCREEN 03,kn,2025-06-09T10:40:00,2025-06-09T10:40:00
187371,4522,527,101,Soundarya,kn,2025-06-09T08:00:00,2025-06-09T08:00:00
187371,4522,527,106,Soundarya,kn,2025-06-09T11:00:00,2025-06-09T11:00:00
187371,4522,527,106,Soundarya,kn,2025-06-09T14:00:00,2025-06-09T14:00:00
187371,52080,196,184,SCREEN 2,kn,2025-06-09T07:00:00,2025-06-09T07:45:00
187371,52080,196,196,SCREEN 2,kn,2025-06-09T13:15:00,2025-06-09T14:00:00
187371,4481,992,210,Santosh Theatre,kn,2025-06-09T14:00:00,2025-06-09T13:05:00
187371,4481,992,210,Santosh Theatre,kn,2025-06-09T11:00:00,2025-06-09T10:05:00
187371,56450,184,171,SCREEN 03,kn,2025-06-09T10:40:00,2025-06-09T10:40:00
187371,4522,527,101,Soundarya,kn,2025-06-09T08:00:00,2025-06-09T08:00:00
187371,4522,527,106,Soundarya,kn,2025-06-09T11:00:00,2025-06-09T11:00:00
187371,4522,527,106,Soundarya,kn,2025-06-09T14:00:00,2025-06-09T14:00:00
187371,52080,196,184,SCREEN 2,kn,2025-06-09T07:00:00,2025-06-09T07:45:00
187371,52080,196,196,SCREEN 2,kn,2025-06-09T13:15:00,2025-06-09T14:00:00
187371,4481,992,210,Santosh Theatre,kn,2025-06-09T14:00:00,2025-06-09T13:05:00
187371,4481,992,210,Santosh Theatre,kn,2025-06-09T11:00:00,2025-06-09T10:05:00
187371,56450,184,171,SCREEN 03,kn,2025-06-09T10:40:00,2025-06-09T10:40:00
187371,4522,527,101,Soundarya,kn,2025-06-09T08:00:00,2025-06-09T08:00:00
187371,4522,527,106,Soundarya,kn,2025-06-09T11:00:00,2025-06-09T11:00:00
187371,4522,527,106,Soundarya,kn,2025-06-09T14:00:00,2025-06-09T14:00:00
169288,128,136,127,AUDI 7,hi,2025-06-09T16:50:00,2025-06-09T16:50:00
169288,128,136,127,AUDI 7,hi,2025-06-09T13:40:00,2025-06-09T13:40:00
169288,56450,180,167,SCREEN 02,hi,2025-06-09T13:35:00,2025-06-09T13:35:00
169288,115,115,101,AUDI 03,hi,2025-06-09T16:35:00,2025-06-09T16:35:00
169288,115,99,91,AUDI 02,hi,2025-06-09T11:05:00,2025-06-09T11:05:00
169288,7508,139,117,AUDI05,hi,2025-06-09T16:40:00,2025-06-09T16:40:00
169288,7508,135,125,AUDI04,hi,2025-06-09T10:40:00,2025-06-09T10:40:00
169288,9637,159,144,AUDI 2,hi,2025-06-09T13:10:00,2025-06-09T13:10:00
169288,1036213,15,15,Screen 1,hi,2025-06-09T16:45:00,2025-06-09T17:10:00
169288,1036213,15,15,Screen 2,hi,2025-06-09T09:05:00,2025-06-09T09:30:00
169288,128,136,127,AUDI 7,hi,2025-06-09T16:50:00,2025-06-09T16:50:00
169288,128,136,127,AUDI 7,hi,2025-06-09T13:40:00,2025-06-09T13:40:00
169288,56450,180,167,SCREEN 02,hi,2025-06-09T13:35:00,2025-06-09T13:35:00
169288,115,115,101,AUDI 03,hi,2025-06-09T16:35:00,2025-06-09T16:35:00
169288,115,99,91,AUDI 02,hi,2025-06-09T11:05:00,2025-06-09T11:05:00
169288,7508,139,117,AUDI05,hi,2025-06-09T16:40:00,2025-06-09T16:40:00
169288,7508,135,125,AUDI04,hi,2025-06-09T10:40:00,2025-06-09T10:40:00
169288,9637,159,144,AUDI 2,hi,2025-06-09T13:10:00,2025-06-09T13:10:00
169288,1036213,15,15,Screen 1,hi,2025-06-09T16:45:00,2025-06-09T17:10:00
169288,1036213,15,15,Screen 2,hi,2025-06-09T09:05:00,2025-06-09T09:30:00
169288,128,136,127,AUDI 7,hi,2025-06-09T16:50:00,2025-06-09T16:50:00
169288,128,136,127,AUDI 7,hi,2025-06-09T13:40:00,2025-06-09T13:40:00
169288,56450,180,167,SCREEN 02,hi,2025-06-09T13:35:00,2025-06-09T13:35:00
169288,115,115,101,AUDI 03,hi,2025-06-09T16:35:00,2025-06-09T16:35:00
169288,115,99,91,AUDI 02,hi,2025-06-09T11:05:00,2025-06-09T11:05:00
169288,7508,139,117,AUDI05,hi,2025-06-09T16:40:00,2025-06-09T16:40:00
169288,7508,135,125,AUDI04,hi,2025-06-09T10:40:00,2025-06-09T10:40:00
169288,9637,159,144,AUDI 2,hi,2025-06-09T13:10:00,2025-06-09T13:10:00
169288,1036213,15,15,Screen 1,hi,2025-06-09T16:45:00,2025-06-09T17:10:00
169288,1036213,15,15,Screen 2,hi,2025-06-09T09:05:00,2025-06-09T09:30:00
169288,128,136,127,AUDI 7,hi,2025-06-09T16:50:00,2025-06-09T16:50:00
169288,128,136,127,AUDI 7,hi,2025-06-09T13:40:00,2025-06-09T13:40:00
169288,56450,180,167,SCREEN 02,hi,2025-06-09T13:35:00,2025-06-09T13:35:00
169288,115,115,101,AUDI 03,hi,2025-06-09T16:35:00,2025-06-09T16:35:00
169288,115,99,91,AUDI 02,hi,2025-06-09T11:05:00,2025-06-09T11:05:00
169288,7508,139,117,AUDI05,hi,2025-06-09T16:40:00,2025-06-09T16:40:00
169288,7508,135,125,AUDI04,hi,2025-06-09T10:40:00,2025-06-09T10:40:00
169288,9637,159,144,AUDI 2,hi,2025-06-09T13:10:00,2025-06-09T13:10:00
169288,1036213,15,15,Screen 1,hi,2025-06-09T16:45:00,2025-06-09T17:10:00
169288,1036213,15,15,Screen 2,hi,2025-06-09T09:05:00,2025-06-09T09:30:00
165129,128,166,156,AUDI 2,en,2025-06-09T14:20:00,2025-06-09T14:20:00
165129,128,136,124,AUDI 7,en,2025-06-09T08:10:00,2025-06-09T08:10:00
165129,56450,135,125,SCREEN 01,en,2025-06-09T12:55:00,2025-06-09T12:55:00
165129,115,245,236,AUDI 06,en,2025-06-09T11:15:00,2025-06-09T11:15:00
165129,56451,82,82,SCREEN 03,en,2025-06-09T07:45:00,2025-06-09T07:45:00
165129,7508,108,90,JUNIOR,en,2025-06-09T12:50:00,2025-06-09T12:50:00
165129,9637,200,199,AUDI 3,en,2025-06-09T07:35:00,2025-06-09T07:35:00
165129,1039754,201,199,AUDI 2,en,2025-06-09T09:15:00,2025-06-09T09:35:00
165129,925,185,173,SCREEN 4,en,2025-06-09T14:05:00,2025-06-09T14:05:00
165129,128,166,156,AUDI 2,en,2025-06-09T14:20:00,2025-06-09T14:20:00
165129,128,136,124,AUDI 7,en,2025-06-09T08:10:00,2025-06-09T08:10:00
165129,56450,135,125,SCREEN 01,en,2025-06-09T12:55:00,2025-06-09T12:55:00
165129,115,245,236,AUDI 06,en,2025-06-09T11:15:00,2025-06-09T11:15:00
165129,56451,82,82,SCREEN 03,en,2025-06-09T07:45:00,2025-06-09T07:45:00
165129,7508,108,90,JUNIOR,en,2025-06-09T12:50:00,2025-06-09T12:50:00
165129,9637,200,199,AUDI 3,en,2025-06-09T07:35:00,2025-06-09T07:35:00
165129,1039754,201,199,AUDI 2,en,2025-06-09T09:15:00,2025-06-09T09:35:00
165129,925,185,173,SCREEN 4,en,2025-06-09T14:05:00,2025-06-09T14:05:00
165129,128,166,156,AUDI 2,en,2025-06-09T14:20:00,2025-06-09T14:20:00
165129,128,136,124,AUDI 7,en,2025-06-09T08:10:00,2025-06-09T08:10:00
165129,56450,135,125,SCREEN 01,en,2025-06-09T12:55:00,2025-06-09T12:55:00
165129,115,245,236,AUDI 06,en,2025-06-09T11:15:00,2025-06-09T11:15:00
165129,56451,82,82,SCREEN 03,en,2025-06-09T07:45:00,2025-06-09T07:45:00
165129,7508,108,90,JUNIOR,en,2025-06-09T12:50:00,2025-06-09T12:50:00
165129,9637,200,199,AUDI 3,en,2025-06-09T07:35:00,2025-06-09T07:35:00
165129,1039754,201,199,AUDI 2,en,2025-06-09T09:15:00,2025-06-09T09:35:00
165129,925,185,173,SCREEN 4,en,2025-06-09T14:05:00,2025-06-09T14:05:00
165129,1036213,28,28,Screen 5,hi,2025-06-09T07:50:00,2025-06-09T08:15:00
165129,1036213,28,28,Screen 5,hi,2025-06-09T07:50:00,2025-06-09T08:15:00
165129,1036213,28,28,Screen 5,hi,2025-06-09T07:50:00,2025-06-09T08:15:00
165129,1036213,28,28,Screen 5,hi,2025-06-09T07:50:00,2025-06-09T08:15:00
181773,7508,143,133,AUDI07,te,2025-06-09T10:00:00,2025-06-09T10:00:00
181773,1039754,150,150,AUDI 1,te,2025-06-09T16:15:00,2025-06-09T16:35:00
181773,47385,894,120,Bhumika,te,2025-06-09T11:00:00,2025-06-09T10:30:00
181773,47385,894,120,Bhumika,te,2025-06-09T13:45:00,2025-06-09T13:15:00
181773,47385,894,120,Bhumika,te,2025-06-09T08:00:00,2025-06-09T07:30:00
181773,10940,89,77,Screen6,te,2025-06-09T15:45:00,2025-06-09T15:15:00
181773,10940,89,77,Screen6,te,2025-06-09T12:30:00,2025-06-09T12:00:00
181773,10940,89,75,Screen6,te,2025-06-09T09:30:00,2025-06-09T09:00:00
181773,7508,143,133,AUDI07,te,2025-06-09T10:00:00,2025-06-09T10:00:00
181773,1039754,150,150,AUDI 1,te,2025-06-09T16:15:00,2025-06-09T16:35:00
181773,47385,894,120,Bhumika,te,2025-06-09T11:00:00,2025-06-09T10:30:00
181773,47385,894,120,Bhumika,te,2025-06-09T13:45:00,2025-06-09T13:15:00
181773,47385,894,120,Bhumika,te,2025-06-09T08:00:00,2025-06-09T07:30:00
181773,10940,89,77,Screen6,te,2025-06-09T15:45:00,2025-06-09T15:15:00
181773,10940,89,77,Screen6,te,2025-06-09T12:30:00,2025-06-09T12:00:00
181773,10940,89,75,Screen6,te,2025-06-09T09:30:00,2025-06-09T09:00:00
181773,7508,143,133,AUDI07,te,2025-06-09T10:00:00,2025-06-09T10:00:00
181773,1039754,150,150,AUDI 1,te,2025-06-09T16:15:00,2025-06-09T16:35:00
181773,47385,894,120,Bhumika,te,2025-06-09T11:00:00,2025-06-09T10:30:00
181773,47385,894,120,Bhumika,te,2025-06-09T13:45:00,2025-06-09T13:15:00
181773,47385,894,120,Bhumika,te,2025-06-09T08:00:00,2025-06-09T07:30:00
181773,10940,89,77,Screen6,te,2025-06-09T15:45:00,2025-06-09T15:15:00
181773,10940,89,77,Screen6,te,2025-06-09T12:30:00,2025-06-09T12:00:00
181773,10940,89,75,Screen6,te,2025-06-09T09:30:00,2025-06-09T09:00:00
181773,7508,143,133,AUDI07,te,2025-06-09T10:00:00,2025-06-09T10:00:00
181773,1039754,150,150,AUDI 1,te,2025-06-09T16:15:00,2025-06-09T16:35:00
181773,47385,894,120,Bhumika,te,2025-06-09T11:00:00,2025-06-09T10:30:00
181773,47385,894,120,Bhumika,te,2025-06-09T13:45:00,2025-06-09T13:15:00
181773,47385,894,120,Bhumika,te,2025-06-09T08:00:00,2025-06-09T07:30:00
181773,10940,89,77,Screen6,te,2025-06-09T15:45:00,2025-06-09T15:15:00
181773,10940,89,77,Screen6,te,2025-06-09T12:30:00,2025-06-09T12:00:00
181773,10940,89,75,Screen6,te,2025-06-09T09:30:00,2025-06-09T09:00:00
178761,9717,1049,95,Narthaki,te,2025-06-09T11:00:00,2025-06-09T11:00:00
178761,9717,1049,95,Narthaki,te,2025-06-09T14:00:00,2025-06-09T14:00:00
178761,9717,1049,95,Narthaki,te,2025-06-09T08:00:00,2025-06-09T08:00:00
178761,10940,352,279,Screen2,te,2025-06-09T16:30:00,2025-06-09T16:00:00
178761,10940,350,275,Screen1,te,2025-06-09T13:45:00,2025-06-09T13:15:00
178761,10940,352,279,Screen2,te,2025-06-09T10:15:00,2025-06-09T09:45:00
178761,9487,329,326,Screen 1,te,2025-06-09T13:30:00,2025-06-09T13:30:00
178761,9487,329,326,Screen 1,te,2025-06-09T10:45:00,2025-06-09T10:45:00
178761,9487,329,326,Screen 1,te,2025-06-09T08:00:00,2025-06-09T08:00:00
178761,9717,1049,95,Narthaki,te,2025-06-09T11:00:00,2025-06-09T11:00:00
178761,9717,1049,95,Narthaki,te,2025-06-09T14:00:00,2025-06-09T14:00:00
178761,9717,1049,95,Narthaki,te,2025-06-09T08:00:00,2025-06-09T08:00:00
178761,10940,352,279,Screen2,te,2025-06-09T16:30:00,2025-06-09T16:00:00
178761,10940,350,275,Screen1,te,2025-06-09T13:45:00,2025-06-09T13:15:00
178761,10940,352,279,Screen2,te,2025-06-09T10:15:00,2025-06-09T09:45:00
178761,9487,329,326,Screen 1,te,2025-06-09T13:30:00,2025-06-09T13:30:00
178761,9487,329,326,Screen 1,te,2025-06-09T10:45:00,2025-06-09T10:45:00
178761,9487,329,326,Screen 1,te,2025-06-09T08:00:00,2025-06-09T08:00:00
178761,9717,1049,95,Narthaki,te,2025-06-09T11:00:00,2025-06-09T11:00:00
178761,9717,1049,95,Narthaki,te,2025-06-09T14:00:00,2025-06-09T14:00:00
178761,9717,1049,95,Narthaki,te,2025-06-09T08:00:00,2025-06-09T08:00:00
178761,10940,352,279,Screen2,te,2025-06-09T16:30:00,2025-06-09T16:00:00
178761,10940,350,275,Screen1,te,2025-06-09T13:45:00,2025-06-09T13:15:00
178761,10940,352,279,Screen2,te,2025-06-09T10:15:00,2025-06-09T09:45:00
178761,9487,329,326,Screen 1,te,2025-06-09T13:30:00,2025-06-09T13:30:00
178761,9487,329,326,Screen 1,te,2025-06-09T10:45:00,2025-06-09T10:45:00
178761,9487,329,326,Screen 1,te,2025-06-09T08:00:00,2025-06-09T08:00:00
178761,9717,1049,95,Narthaki,te,2025-06-09T11:00:00,2025-06-09T11:00:00
178761,9717,1049,95,Narthaki,te,2025-06-09T14:00:00,2025-06-09T14:00:00
178761,9717,1049,95,Narthaki,te,2025-06-09T08:00:00,2025-06-09T08:00:00
178761,10940,352,279,Screen2,te,2025-06-09T16:30:00,2025-06-09T16:00:00
178761,10940,350,275,Screen1,te,2025-06-09T13:45:00,2025-06-09T13:15:00
178761,10940,352,279,Screen2,te,2025-06-09T10:15:00,2025-06-09T09:45:00
178761,9487,329,326,Screen 1,te,2025-06-09T13:30:00,2025-06-09T13:30:00
178761,9487,329,326,Screen 1,te,2025-06-09T10:45:00,2025-06-09T10:45:00
178761,9487,329,326,Screen 1,te,2025-06-09T08:00:00,2025-06-09T08:00:00
188680,56450,240,228,SCREEN 07,ml,2025-06-09T17:00:00,2025-06-09T17:00:00
188680,56450,135,123,SCREEN 01,ml,2025-06-09T09:50:00,2025-06-09T09:50:00
188680,115,99,91,AUDI 02,ml,2025-06-09T14:05:00,2025-06-09T14:05:00
188680,7508,164,148,AUDI08,ml,2025-06-09T10:15:00,2025-06-09T10:15:00
188680,9637,200,190,AUDI 3,ml,2025-06-09T12:50:00,2025-06-09T12:50:00
188680,9637,159,146,AUDI 2,ml,2025-06-09T10:00:00,2025-06-09T10:00:00
188680,9097,774,262,Screen1,ml,2025-06-09T16:30:00,2025-06-09T16:10:00
188680,925,187,176,SCREEN 5,ml,2025-06-09T13:55:00,2025-06-09T13:55:00
188680,56450,240,228,SCREEN 07,ml,2025-06-09T17:00:00,2025-06-09T17:00:00
188680,56450,135,123,SCREEN 01,ml,2025-06-09T09:50:00,2025-06-09T09:50:00
188680,115,99,91,AUDI 02,ml,2025-06-09T14:05:00,2025-06-09T14:05:00
188680,7508,164,148,AUDI08,ml,2025-06-09T10:15:00,2025-06-09T10:15:00
188680,9637,200,190,AUDI 3,ml,2025-06-09T12:50:00,2025-06-09T12:50:00
188680,9637,159,146,AUDI 2,ml,2025-06-09T10:00:00,2025-06-09T10:00:00
188680,9097,774,262,Screen1,ml,2025-06-09T16:30:00,2025-06-09T16:10:00
188680,925,187,176,SCREEN 5,ml,2025-06-09T13:55:00,2025-06-09T13:55:00
188680,56450,240,228,SCREEN 07,ml,2025-06-09T17:00:00,2025-06-09T17:00:00
188680,56450,135,123,SCREEN 01,ml,2025-06-09T09:50:00,2025-06-09T09:50:00
188680,115,99,91,AUDI 02,ml,2025-06-09T14:05:00,2025-06-09T14:05:00
188680,7508,164,148,AUDI08,ml,2025-06-09T10:15:00,2025-06-09T10:15:00
188680,9637,200,190,AUDI 3,ml,2025-06-09T12:50:00,2025-06-09T12:50:00
188680,9637,159,146,AUDI 2,ml,2025-06-09T10:00:00,2025-06-09T10:00:00
188680,9097,774,262,Screen1,ml,2025-06-09T16:30:00,2025-06-09T16:10:00
188680,925,187,176,SCREEN 5,ml,2025-06-09T13:55:00,2025-06-09T13:55:00
188680,56450,240,228,SCREEN 07,ml,2025-06-09T17:00:00,2025-06-09T17:00:00
188680,56450,135,123,SCREEN 01,ml,2025-06-09T09:50:00,2025-06-09T09:50:00
188680,115,99,91,AUDI 02,ml,2025-06-09T14:05:00,2025-06-09T14:05:00
188680,7508,164,148,AUDI08,ml,2025-06-09T10:15:00,2025-06-09T10:15:00
188680,9637,200,190,AUDI 3,ml,2025-06-09T12:50:00,2025-06-09T12:50:00
188680,9637,159,146,AUDI 2,ml,2025-06-09T10:00:00,2025-06-09T10:00:00
188680,9097,774,262,Screen1,ml,2025-06-09T16:30:00,2025-06-09T16:10:00
188680,925,187,176,SCREEN 5,ml,2025-06-09T13:55:00,2025-06-09T13:55:00
185012,115,172,162,AUDI 05,en,2025-06-09T08:05:00,2025-06-09T08:05:00
185012,115,158,145,AUDI 07,en,2025-06-09T10:25:00,2025-06-09T10:25:00
185012,56451,94,88,SCREEN 01,en,2025-06-09T10:40:00,2025-06-09T10:40:00
185012,7508,94,75,4DX,en,2025-06-09T08:55:00,2025-06-09T08:55:00
185012,1036213,28,28,Screen 5,en,2025-06-09T09:50:00,2025-06-09T10:15:00
185012,115,172,162,AUDI 05,en,2025-06-09T08:05:00,2025-06-09T08:05:00
185012,115,158,145,AUDI 07,en,2025-06-09T10:25:00,2025-06-09T10:25:00
185012,56451,94,88,SCREEN 01,en,2025-06-09T10:40:00,2025-06-09T10:40:00
185012,7508,94,75,4DX,en,2025-06-09T08:55:00,2025-06-09T08:55:00
185012,1036213,28,28,Screen 5,en,2025-06-09T09:50:00,2025-06-09T10:15:00
185012,115,172,162,AUDI 05,en,2025-06-09T08:05:00,2025-06-09T08:05:00
185012,115,158,145,AUDI 07,en,2025-06-09T10:25:00,2025-06-09T10:25:00
185012,56451,94,88,SCREEN 01,en,2025-06-09T10:40:00,2025-06-09T10:40:00
185012,7508,94,75,4DX,en,2025-06-09T08:55:00,2025-06-09T08:55:00
185012,1036213,28,28,Screen 5,en,2025-06-09T09:50:00,2025-06-09T10:15:00
185012,115,172,162,AUDI 05,en,2025-06-09T08:05:00,2025-06-09T08:05:00
185012,115,158,145,AUDI 07,en,2025-06-09T10:25:00,2025-06-09T10:25:00
185012,56451,94,88,SCREEN 01,en,2025-06-09T10:40:00,2025-06-09T10:40:00
185012,7508,94,75,4DX,en,2025-06-09T08:55:00,2025-06-09T08:55:00
185012,1036213,28,28,Screen 5,en,2025-06-09T09:50:00,2025-06-09T10:15:00
197993,56450,180,170,SCREEN 02,hi,2025-06-09T16:40:00,2025-06-09T16:40:00
197993,56450,180,169,SCREEN 02,hi,2025-06-09T10:25:00,2025-06-09T10:25:00
197993,7508,143,121,AUDI07,hi,2025-06-09T13:20:00,2025-06-09T13:20:00
197993,7508,134,120,AUDI10,hi,2025-06-09T10:35:00,2025-06-09T10:35:00
197993,56450,180,170,SCREEN 02,hi,2025-06-09T16:40:00,2025-06-09T16:40:00
197993,56450,180,169,SCREEN 02,hi,2025-06-09T10:25:00,2025-06-09T10:25:00
197993,7508,143,121,AUDI07,hi,2025-06-09T13:20:00,2025-06-09T13:20:00
197993,7508,134,120,AUDI10,hi,2025-06-09T10:35:00,2025-06-09T10:35:00
197993,56450,180,170,SCREEN 02,hi,2025-06-09T16:40:00,2025-06-09T16:40:00
197993,56450,180,169,SCREEN 02,hi,2025-06-09T10:25:00,2025-06-09T10:25:00
197993,7508,143,121,AUDI07,hi,2025-06-09T13:20:00,2025-06-09T13:20:00
197993,7508,134,120,AUDI10,hi,2025-06-09T10:35:00,2025-06-09T10:35:00
198337,128,136,127,AUDI 7,ta,2025-06-09T10:35:00,2025-06-09T10:35:00
198337,52080,179,179,SCREEN 1,ta,2025-06-09T17:00:00,2025-06-09T17:45:00
198337,56450,186,175,SCREEN 04,ta,2025-06-09T13:40:00,2025-06-09T13:40:00
198337,925,248,238,SCREEN 1,ta,2025-06-09T16:45:00,2025-06-09T16:45:00
198337,128,136,127,AUDI 7,ta,2025-06-09T10:35:00,2025-06-09T10:35:00
198337,52080,179,179,SCREEN 1,ta,2025-06-09T17:00:00,2025-06-09T17:45:00
198337,56450,186,175,SCREEN 04,ta,2025-06-09T13:40:00,2025-06-09T13:40:00
198337,925,248,238,SCREEN 1,ta,2025-06-09T16:45:00,2025-06-09T16:45:00
198337,128,136,127,AUDI 7,ta,2025-06-09T10:35:00,2025-06-09T10:35:00
198337,52080,179,179,SCREEN 1,ta,2025-06-09T17:00:00,2025-06-09T17:45:00
198337,56450,186,175,SCREEN 04,ta,2025-06-09T13:40:00,2025-06-09T13:40:00
198337,925,248,238,SCREEN 1,ta,2025-06-09T16:45:00,2025-06-09T16:45:00
199096,52080,227,227,SCREEN 3,kn,2025-06-09T10:45:00,2025-06-09T11:30:00
199096,9637,150,150,AUDI 1,kn,2025-06-09T07:30:00,2025-06-09T07:30:00
199096,1039754,150,150,AUDI 1,kn,2025-06-09T13:50:00,2025-06-09T14:10:00
199096,925,185,175,SCREEN 4,kn,2025-06-09T08:10:00,2025-06-09T08:10:00
199096,52080,227,227,SCREEN 3,kn,2025-06-09T10:45:00,2025-06-09T11:30:00
199096,9637,150,150,AUDI 1,kn,2025-06-09T07:30:00,2025-06-09T07:30:00
199096,1039754,150,150,AUDI 1,kn,2025-06-09T13:50:00,2025-06-09T14:10:00
199096,925,185,175,SCREEN 4,kn,2025-06-09T08:10:00,2025-06-09T08:10:00
199096,52080,227,227,SCREEN 3,kn,2025-06-09T10:45:00,2025-06-09T11:30:00
199096,9637,150,150,AUDI 1,kn,2025-06-09T07:30:00,2025-06-09T07:30:00
199096,1039754,150,150,AUDI 1,kn,2025-06-09T13:50:00,2025-06-09T14:10:00
199096,925,185,175,SCREEN 4,kn,2025-06-09T08:10:00,2025-06-09T08:10:00
185675,115,115,105,AUDI 03,ta,2025-06-09T13:40:00,2025-06-09T13:40:00
185675,925,248,238,SCREEN 1,ta,2025-06-09T10:20:00,2025-06-09T10:20:00
185675,115,115,105,AUDI 03,ta,2025-06-09T13:40:00,2025-06-09T13:40:00
185675,925,248,238,SCREEN 1,ta,2025-06-09T10:20:00,2025-06-09T10:20:00
185675,115,115,105,AUDI 03,ta,2025-06-09T13:40:00,2025-06-09T13:40:00
185675,925,248,238,SCREEN 1,ta,2025-06-09T10:20:00,2025-06-09T10:20:00
192991,1013537,474,108,Sharada Cinemas,hi,2025-06-09T10:45:00,2025-06-09T09:45:00
192991,1013537,474,108,Sharada Cinemas,hi,2025-06-09T13:30:00,2025-06-09T12:30:00
192991,1013537,474,108,Sharada Cinemas,hi,2025-06-09T10:45:00,2025-06-09T09:45:00
192991,1013537,474,108,Sharada Cinemas,hi,2025-06-09T13:30:00,2025-06-09T12:30:00
192991,1013537,474,108,Sharada Cinemas,hi,2025-06-09T10:45:00,2025-06-09T09:45:00
192991,1013537,474,108,Sharada Cinemas,hi,2025-06-09T13:30:00,2025-06-09T12:30:00
192991,1013537,474,108,Sharada Cinemas,hi,2025-06-09T10:45:00,2025-06-09T09:45:00
192991,1013537,474,108,Sharada Cinemas,hi,2025-06-09T13:30:00,2025-06-09T12:30:00
190590,1036213,15,15,Screen 1,hi,2025-06-09T11:25:00,2025-06-09T11:50:00
190590,1036213,15,15,Screen 2,hi,2025-06-09T17:00:00,2025-06-09T17:25:00
190590,1036213,15,15,Screen 1,hi,2025-06-09T11:25:00,2025-06-09T11:50:00
190590,1036213,15,15,Screen 2,hi,2025-06-09T17:00:00,2025-06-09T17:25:00
190590,1036213,15,15,Screen 1,hi,2025-06-09T11:25:00,2025-06-09T11:50:00
190590,1036213,15,15,Screen 2,hi,2025-06-09T17:00:00,2025-06-09T17:25:00
190590,1036213,15,15,Screen 1,hi,2025-06-09T11:25:00,2025-06-09T11:50:00
190590,1036213,15,15,Screen 2,hi,2025-06-09T17:00:00,2025-06-09T17:25:00
197364,47385,894,120,Bhumika,te,2025-06-09T16:30:00,2025-06-09T16:00:00
197364,47385,894,120,Bhumika,te,2025-06-09T16:30:00,2025-06-09T16:00:00
197364,47385,894,120,Bhumika,te,2025-06-09T16:30:00,2025-06-09T16:00:00
197364,47385,894,120,Bhumika,te,2025-06-09T16:30:00,2025-06-09T16:00:00
187912,7508,139,127,AUDI05,en,2025-06-09T14:05:00,2025-06-09T14:05:00
187912,7508,139,126,AUDI05,en,2025-06-09T08:45:00,2025-06-09T08:45:00
187912,7508,139,127,AUDI05,en,2025-06-09T14:05:00,2025-06-09T14:05:00
187912,7508,139,126,AUDI05,en,2025-06-09T08:45:00,2025-06-09T08:45:00
187912,7508,139,127,AUDI05,en,2025-06-09T14:05:00,2025-06-09T14:05:00
187912,7508,139,126,AUDI05,en,2025-06-09T08:45:00,2025-06-09T08:45:00
198949,52080,179,179,SCREEN 1,kn,2025-06-09T10:30:00,2025-06-09T11:15:00
198949,52080,179,179,SCREEN 1,kn,2025-06-09T10:30:00,2025-06-09T11:15:00
198949,52080,179,179,SCREEN 1,kn,2025-06-09T10:30:00,2025-06-09T11:15:00
198949,52080,179,179,SCREEN 1,kn,2025-06-09T10:30:00,2025-06-09T11:15:00
197411,7508,134,124,AUDI10,bn,2025-06-09T07:55:00,2025-06-09T07:55:00
197411,7508,164,151,AUDI08,bn,2025-06-09T16:45:00,2025-06-09T16:45:00
197411,7508,134,124,AUDI10,bn,2025-06-09T07:55:00,2025-06-09T07:55:00
197411,7508,164,151,AUDI08,bn,2025-06-09T16:45:00,2025-06-09T16:45:00
197411,7508,134,124,AUDI10,bn,2025-06-09T07:55:00,2025-06-09T07:55:00
197411,7508,164,151,AUDI08,bn,2025-06-09T16:45:00,2025-06-09T16:45:00
199097,7508,134,119,AUDI10,kn,2025-06-09T13:45:00,2025-06-09T13:45:00
199097,9637,150,140,AUDI 1,kn,2025-06-09T10:05:00,2025-06-09T10:05:00
199097,7508,134,119,AUDI10,kn,2025-06-09T13:45:00,2025-06-09T13:45:00
199097,9637,150,140,AUDI 1,kn,2025-06-09T10:05:00,2025-06-09T10:05:00
199097,7508,134,119,AUDI10,kn,2025-06-09T13:45:00,2025-06-09T13:45:00
199097,9637,150,140,AUDI 1,kn,2025-06-09T10:05:00,2025-06-09T10:05:00
194609,1036213,15,15,Screen 1,gu,2025-06-09T14:05:00,2025-06-09T14:30:00
194609,1036213,15,15,Screen 1,gu,2025-06-09T14:05:00,2025-06-09T14:30:00
194609,1036213,15,15,Screen 1,gu,2025-06-09T14:05:00,2025-06-09T14:30:00
194609,1036213,15,15,Screen 1,gu,2025-06-09T14:05:00,2025-06-09T14:30:00
171687,1036213,15,15,Screen 2,hi,2025-06-09T11:45:00,2025-06-09T12:10:00
171687,1036213,15,15,Screen 2,hi,2025-06-09T11:45:00,2025-06-09T12:10:00
171687,1036213,15,15,Screen 2,hi,2025-06-09T11:45:00,2025-06-09T12:10:00
171687,1036213,15,15,Screen 2,hi,2025-06-09T11:45:00,2025-06-09T12:10:00
197789,52080,227,227,SCREEN 3,kn,2025-06-09T07:30:00,2025-06-09T08:15:00
197789,52080,227,227,SCREEN 3,kn,2025-06-09T07:30:00,2025-06-09T08:15:00
197789,52080,227,227,SCREEN 3,kn,2025-06-09T07:30:00,2025-06-09T08:15:00
197132,1013537,474,108,Sharada Cinemas,ne,2025-06-13T13:30:00,2025-06-13T12:30:00
197132,1013537,474,108,Sharada Cinemas,ne,2025-06-13T13:30:00,2025-06-13T12:30:00
197132,1013537,474,108,Sharada Cinemas,ne,2025-06-13T13:30:00,2025-06-13T12:30:00
198430,7508,134,122,AUDI10,mr,2025-06-09T17:00:00,2025-06-09T17:00:00
198430,7508,134,122,AUDI10,mr,2025-06-09T17:00:00,2025-06-09T17:00:00
198430,7508,134,122,AUDI10,mr,2025-06-09T17:00:00,2025-06-09T17:00:00
186816,1013537,474,108,Sharada Cinemas,kn,2025-06-10T07:45:00,2025-06-10T06:45:00
186816,1013537,474,108,Sharada Cinemas,kn,2025-06-10T07:45:00,2025-06-10T06:45:00
186816,1013537,474,108,Sharada Cinemas,kn,2025-06-10T07:45:00,2025-06-10T06:45:00
179230,7508,135,125,AUDI04,pa,2025-06-09T13:40:00,2025-06-09T13:40:00
179230,7508,135,125,AUDI04,pa,2025-06-09T13:40:00,2025-06-09T13:40:00
179230,7508,135,125,AUDI04,pa,2025-06-09T13:40:00,2025-06-09T13:40:00
188262,56450,186,174,SCREEN 04,ta,2025-06-09T16:40:00,2025-06-09T16:40:00
188262,56450,186,174,SCREEN 04,ta,2025-06-09T16:40:00,2025-06-09T16:40:00
188262,56450,186,174,SCREEN 04,ta,2025-06-09T16:40:00,2025-06-09T16:40:00
140032,1036213,15,15,Screen 1,hi,2025-06-10T05:40:00,2025-06-10T06:05:00
140032,1036213,15,15,Screen 1,hi,2025-06-10T05:40:00,2025-06-10T06:05:00
140032,1036213,15,15,Screen 1,hi,2025-06-10T05:40:00,2025-06-10T06:05:00
173971,56450,235,225,SCREEN 06,ta,2025-06-09T16:25:00,2025-06-09T16:25:00
173971,56450,235,225,SCREEN 06,ta,2025-06-09T16:25:00,2025-06-09T16:25:00
173971,56450,235,225,SCREEN 06,ta,2025-06-09T16:25:00,2025-06-09T16:25:00
198130,1013537,474,108,Sharada Cinemas,kn,2025-06-10T05:00:00,2025-06-10T04:00:00
198130,1013537,474,108,Sharada Cinemas,kn,2025-06-10T05:00:00,2025-06-10T04:00:00
198130,1013537,474,108,Sharada Cinemas,kn,2025-06-10T05:00:00,2025-06-10T04:00:00
178434,7508,164,154,AUDI08,en,2025-06-10T07:15:00,2025-06-10T07:15:00
178434,7508,164,154,AUDI08,en,2025-06-10T07:15:00,2025-06-10T07:15:00
